{"1283386":[{"X": 11, "Y": 456}, {"X": 10, "Y": 74}, {"X": 0, "Y": 245}, {"X": 3, "Y": 1833}, {"X": 0, "Y": 205}, {"X": 3, "Y": 1711}, {"X": 0, "Y": 285}, {"X": 2, "Y": 901}, {"X": 0, "Y": 350}, {"X": 3, "Y": 1640}, {"X": 0, "Y": 40}, {"X": 3, "Y": 1407}, {"X": 0, "Y": 465}, {"X": 2, "Y": 1446}, {"X": 0, "Y": 435}, {"X": 8, "Y": 1774}, {"X": 0, "Y": 270}, {"X": 3, "Y": 2509}, {"X": 0, "Y": 30}, {"X": 3, "Y": 1508}, {"X": 0, "Y": 60}, {"X": 3, "Y": 841}, {"X": 11, "Y": 35515}], "415491":[{"X": 11, "Y": 1879}, {"X": 10, "Y": 76}, {"X": 0, "Y": 400}, {"X": 8, "Y": 1430}, {"X": 0, "Y": 265}, {"X": 3, "Y": 1202}, {"X": 0, "Y": 1750}, {"X": 3, "Y": 1306}, {"X": 0, "Y": 265}, {"X": 3, "Y": 1513}, {"X": 0, "Y": 235}, {"X": 3, "Y": 1312}, {"X": 0, "Y": 260}, {"X": 3, "Y": 722}, {"X": 0, "Y": 185}, {"X": 2, "Y": 1245}, {"X": 0, "Y": 3737}, {"X": 8, "Y": 1732}, {"X": 0, "Y": 225}, {"X": 3, "Y": 886}, {"X": 0, "Y": 160}, {"X": 3, "Y": 1649}, {"X": 0, "Y": 395}, {"X": 3, "Y": 1076}, {"X": 0, "Y": 280}, {"X": 8, "Y": 1248}, {"X": 0, "Y": 205}, {"X": 3, "Y": 1014}, {"X": 0, "Y": 40}, {"X": 3, "Y": 1312}, {"X": 0, "Y": 1824}, {"X": 3, "Y": 1150}, {"X": 0, "Y": 30}, {"X": 3, "Y": 1614}, {"X": 0, "Y": 100}, {"X": 3, "Y": 1056}, {"X": 0, "Y": 300}, {"X": 2, "Y": 692}, {"X": 0, "Y": 315}, {"X": 3, "Y": 819}, {"X": 0, "Y": 270}, {"X": 8, "Y": 1497}, {"X": 0, "Y": 105}, {"X": 3, "Y": 925}, {"X": 0, "Y": 170}, {"X": 3, "Y": 982}, {"X": 0, "Y": 235}, {"X": 8, "Y": 1265}, {"X": 0, "Y": 125}, {"X": 3, "Y": 889}, {"X": 0, "Y": 265}, {"X": 3, "Y": 3074}, {"X": 0, "Y": 235}, {"X": 3, "Y": 1678}, {"X": 0, "Y": 90}, {"X": 3, "Y": 727}, {"X": 11, "Y": 5564}], "2049974": [{"X": 11, "Y": 2095}, {"X": 10, "Y": 152}, {"X": 0, "Y": 240}, {"X": 8, "Y": 1370}, {"X": 0, "Y": 123}, {"X": 3, "Y": 808}, {"X": 0, "Y": 21}, {"X": 3, "Y": 1491}, {"X": 0, "Y": 42}, {"X": 3, "Y": 836}, {"X": 0, "Y": 42}, {"X": 3, "Y": 1790}, {"X": 0, "Y": 57}, {"X": 3, "Y": 1258}, {"X": 0, "Y": 87}, {"X": 3, "Y": 1606}, {"X": 0, "Y": 150}, {"X": 3, "Y": 1210}, {"X": 0, "Y": 87}, {"X": 3, "Y": 854}, {"X": 0, "Y": 123}, {"X": 8, "Y": 1059}, {"X": 0, "Y": 141}, {"X": 3, "Y": 1154}, {"X": 0, "Y": 87}, {"X": 3, "Y": 1585}, {"X": 11, "Y": 35532}], "1307724": [{"X": 11, "Y": 2440}, {"X": 10, "Y": 59}, {"X": 0, "Y": 282}, {"X": 3, "Y": 1089}, {"X": 0, "Y": 126}, {"X": 3, "Y": 1302}, {"X": 0, "Y": 36}, {"X": 3, "Y": 2199}, {"X": 0, "Y": 132}, {"X": 3, "Y": 1153}, {"X": 0, "Y": 234}, {"X": 3, "Y": 1081}, {"X": 0, "Y": 168}, {"X": 3, "Y": 943}, {"X": 0, "Y": 150}, {"X": 8, "Y": 1930}, {"X": 0, "Y": 552}, {"X": 2, "Y": 1480}, {"X": 0, "Y": 552}, {"X": 3, "Y": 1019}, {"X": 0, "Y": 246}, {"X": 3, "Y": 1606}, {"X": 0, "Y": 192}, {"X": 3, "Y": 699}, {"X": 0, "Y": 372}, {"X": 8, "Y": 1559}, {"X": 0, "Y": 282}, {"X": 3, "Y": 660}, {"X": 0, "Y": 84}, {"X": 3, "Y": 1790}, {"X": 0, "Y": 36}, {"X": 3, "Y": 1266}, {"X": 0, "Y": 318}, {"X": 8, "Y": 1042}, {"X": 0, "Y": 258}, {"X": 3, "Y": 1076}, {"X": 0, "Y": 354}, {"X": 3, "Y": 813}, {"X": 0, "Y": 240}, {"X": 3, "Y": 1161}, {"X": 0, "Y": 132}, {"X": 8, "Y": 2174}, {"X": 0, "Y": 318}, {"X": 3, "Y": 1432}, {"X": 0, "Y": 120}, {"X": 3, "Y": 1393}, {"X": 0, "Y": 78}, {"X": 3, "Y": 892}, {"X": 0, "Y": 318}, {"X": 3, "Y": 1095}, {"X": 0, "Y": 318}, {"X": 3, "Y": 822}, {"X": 0, "Y": 72}, {"X": 3, "Y": 1163}, {"X": 0, "Y": 342}, {"X": 3, "Y": 1186}, {"X": 0, "Y": 342}, {"X": 8, "Y": 1364}, {"X": 0, "Y": 480}, {"X": 2, "Y": 1302}, {"X": 0, "Y": 420}, {"X": 3, "Y": 365}, {"X": 11, "Y": 6891}], "1081515": [{"X": 11, "Y": 3313}, {"X": 10, "Y": 41}, {"X": 0, "Y": 342}, {"X": 3, "Y": 1175}, {"X": 0, "Y": 420}, {"X": 2, "Y": 1007}, {"X": 0, "Y": 90}, {"X": 8, "Y": 724}, {"X": 0, "Y": 162}, {"X": 2, "Y": 1666}, {"X": 0, "Y": 330}, {"X": 3, "Y": 1380}, {"X": 0, "Y": 300}, {"X": 2, "Y": 812}, {"X": 0, "Y": 438}, {"X": 8, "Y": 1366}, {"X": 0, "Y": 126}, {"X": 3, "Y": 2383}, {"X": 0, "Y": 144}, {"X": 3, "Y": 796}, {"X": 0, "Y": 66}, {"X": 3, "Y": 774}, {"X": 0, "Y": 48}, {"X": 3, "Y": 643}, {"X": 0, "Y": 168}, {"X": 3, "Y": 659}, {"X": 0, "Y": 1481}, {"X": 8, "Y": 748}, {"X": 0, "Y": 318}, {"X": 3, "Y": 1740}, {"X": 0, "Y": 132}, {"X": 3, "Y": 1062}, {"X": 0, "Y": 324}, {"X": 8, "Y": 2538}, {"X": 0, "Y": 522}, {"X": 2, "Y": 1056}, {"X": 0, "Y": 396}, {"X": 3, "Y": 1763}, {"X": 0, "Y": 78}, {"X": 3, "Y": 1291}, {"X": 0, "Y": 528}, {"X": 2, "Y": 935}, {"X": 0, "Y": 132}, {"X": 8, "Y": 1231}, {"X": 0, "Y": 138}, {"X": 3, "Y": 1797}, {"X": 0, "Y": 258}, {"X": 8, "Y": 1241}, {"X": 0, "Y": 126}, {"X": 3, "Y": 1843}, {"X": 0, "Y": 552}, {"X": 2, "Y": 783}, {"X": 0, "Y": 552}, {"X": 8, "Y": 1357}, {"X": 0, "Y": 522}, {"X": 2, "Y": 1230}, {"X": 0, "Y": 522}, {"X": 8, "Y": 1686}, {"X": 0, "Y": 246}, {"X": 3, "Y": 870}, {"X": 0, "Y": 48}, {"X": 3, "Y": 1775}, {"X": 0, "Y": 348}, {"X": 3, "Y": 150}, {"X": 11, "Y": 2308}], "439584": [{"X": 11, "Y": 3409}, {"X": 10, "Y": 140}, {"X": 0, "Y": 300}, {"X": 3, "Y": 1690}, {"X": 0, "Y": 240}, {"X": 3, "Y": 1124}, {"X": 0, "Y": 1711}, {"X": 8, "Y": 1453}, {"X": 0, "Y": 426}, {"X": 8, "Y": 1038}, {"X": 0, "Y": 282}, {"X": 3, "Y": 2008}, {"X": 0, "Y": 354}, {"X": 3, "Y": 2431}, {"X": 0, "Y": 402}, {"X": 3, "Y": 742}, {"X": 0, "Y": 294}, {"X": 3, "Y": 498}, {"X": 11, "Y": 35458}], "1763672": [{"X": 11, "Y": 3953}, {"X": 10, "Y": 38}, {"X": 0, "Y": 392}, {"X": 8, "Y": 1000}, {"X": 0, "Y": 320}, {"X": 2, "Y": 1101}, {"X": 0, "Y": 240}, {"X": 3, "Y": 1329}, {"X": 0, "Y": 100}, {"X": 8, "Y": 1242}, {"X": 0, "Y": 248}, {"X": 3, "Y": 1307}, {"X": 0, "Y": 248}, {"X": 8, "Y": 1202}, {"X": 0, "Y": 164}, {"X": 3, "Y": 743}, {"X": 0, "Y": 164}, {"X": 8, "Y": 1212}, {"X": 11, "Y": 38997}], "1781128": [{"X": 11, "Y": 5882}, {"X": 10, "Y": 40}, {"X": 0, "Y": 60}, {"X": 3, "Y": 1209}, {"X": 0, "Y": 1297}, {"X": 3, "Y": 1572}, {"X": 0, "Y": 48}, {"X": 3, "Y": 1170}, {"X": 0, "Y": 88}, {"X": 3, "Y": 1809}, {"X": 0, "Y": 212}, {"X": 8, "Y": 1434}, {"X": 11, "Y": 39179}]}