{"1080969": [{"X": 11, "Y": 2732}, {"X": 10, "Y": 45}, {"X": 0, "Y": 5}, {"X": 5, "Y": 63}, {"X": 2, "Y": 297}, {"X": 0, "Y": 421}, {"X": 7, "Y": 62}, {"X": 0, "Y": 35}, {"X": 4, "Y": 66}, {"X": 0, "Y": 502}, {"X": 3, "Y": 119}, {"X": 0, "Y": 994}, {"X": 8, "Y": 7294}, {"X": 0, "Y": 527}, {"X": 1, "Y": 67}, {"X": 0, "Y": 77}, {"X": 5, "Y": 66}, {"X": 0, "Y": 264}, {"X": 3, "Y": 109}, {"X": 0, "Y": 429}, {"X": 7, "Y": 67}, {"X": 0, "Y": 10}, {"X": 4, "Y": 66}, {"X": 0, "Y": 34}, {"X": 7, "Y": 66}, {"X": 0, "Y": 330}, {"X": 7, "Y": 66}, {"X": 0, "Y": 54}, {"X": 2, "Y": 279}, {"X": 11, "Y": 38854}], "1600469": [{"X": 11, "Y": 2732}, {"X": 10, "Y": 45}, {"X": 0, "Y": 5}, {"X": 5, "Y": 68}, {"X": 2, "Y": 291}, {"X": 0, "Y": 30}, {"X": 7, "Y": 66}, {"X": 0, "Y": 326}, {"X": 7, "Y": 61}, {"X": 0, "Y": 110}, {"X": 7, "Y": 66}, {"X": 0, "Y": 419}, {"X": 3, "Y": 121}, {"X": 0, "Y": 268}, {"X": 5, "Y": 62}, {"X": 0, "Y": 77}, {"X": 1, "Y": 66}, {"X": 0, "Y": 527}, {"X": 8, "Y": 7295}, {"X": 0, "Y": 527}, {"X": 1, "Y": 67}, {"X": 0, "Y": 77}, {"X": 5, "Y": 65}, {"X": 0, "Y": 265}, {"X": 3, "Y": 109}, {"X": 0, "Y": 429}, {"X": 7, "Y": 67}, {"X": 0, "Y": 11}, {"X": 4, "Y": 65}, {"X": 0, "Y": 33}, {"X": 7, "Y": 67}, {"X": 0, "Y": 329}, {"X": 7, "Y": 67}, {"X": 0, "Y": 55}, {"X": 2, "Y": 278}, {"X": 5, "Y": 66}, {"X": 11, "Y": 38788}], "1629516": [{"X": 11, "Y": 2732}, {"X": 10, "Y": 45}, {"X": 0, "Y": 5}, {"X": 5, "Y": 63}, {"X": 2, "Y": 296}, {"X": 0, "Y": 421}, {"X": 7, "Y": 62}, {"X": 0, "Y": 34}, {"X": 4, "Y": 68}, {"X": 0, "Y": 10}, {"X": 7, "Y": 67}, {"X": 0, "Y": 417}, {"X": 3, "Y": 123}, {"X": 0, "Y": 262}, {"X": 5, "Y": 65}, {"X": 0, "Y": 77}, {"X": 1, "Y": 70}, {"X": 0, "Y": 17}, {"X": 4, "Y": 60}, {"X": 0, "Y": 448}, {"X": 8, "Y": 7260}, {"X": 0, "Y": 484}, {"X": 4, "Y": 62}, {"X": 0, "Y": 157}, {"X": 5, "Y": 67}, {"X": 0, "Y": 276}, {"X": 3, "Y": 97}, {"X": 0, "Y": 939}, {"X": 8, "Y": 63}, {"X": 7, "Y": 70}, {"X": 0, "Y": 59}, {"X": 2, "Y": 280}, {"X": 11, "Y": 38844}], "1781070": [{"X": 11, "Y": 2732}, {"X": 10, "Y": 45}, {"X": 0, "Y": 5}, {"X": 5, "Y": 63}, {"X": 0, "Y": 10}, {"X": 2, "Y": 289}, {"X": 0, "Y": 419}, {"X": 7, "Y": 61}, {"X": 0, "Y": 34}, {"X": 4, "Y": 68}, {"X": 0, "Y": 504}, {"X": 3, "Y": 109}, {"X": 0, "Y": 264}, {"X": 5, "Y": 66}, {"X": 0, "Y": 78}, {"X": 1, "Y": 66}, {"X": 0, "Y": 528}, {"X": 8, "Y": 7294}, {"X": 0, "Y": 527}, {"X": 1, "Y": 67}, {"X": 0, "Y": 77}, {"X": 5, "Y": 66}, {"X": 0, "Y": 264}, {"X": 3, "Y": 110}, {"X": 0, "Y": 428}, {"X": 7, "Y": 67}, {"X": 0, "Y": 10}, {"X": 4, "Y": 66}, {"X": 0, "Y": 34}, {"X": 7, "Y": 66}, {"X": 0, "Y": 329}, {"X": 7, "Y": 67}, {"X": 0, "Y": 55}, {"X": 2, "Y": 279}, {"X": 5, "Y": 66}, {"X": 11, "Y": 38787}], "1787551": [{"X": 11, "Y": 2732}, {"X": 10, "Y": 34}, {"X": 0, "Y": 11}, {"X": 5, "Y": 66}, {"X": 2, "Y": 297}, {"X": 0, "Y": 418}, {"X": 7, "Y": 66}, {"X": 0, "Y": 33}, {"X": 4, "Y": 66}, {"X": 0, "Y": 11}, {"X": 7, "Y": 66}, {"X": 0, "Y": 418}, {"X": 3, "Y": 121}, {"X": 0, "Y": 264}, {"X": 5, "Y": 66}, {"X": 0, "Y": 77}, {"X": 1, "Y": 66}, {"X": 0, "Y": 528}, {"X": 8, "Y": 7261}, {"X": 0, "Y": 253}, {"X": 5, "Y": 66}, {"X": 0, "Y": 242}, {"X": 1, "Y": 66}, {"X": 0, "Y": 77}, {"X": 5, "Y": 66}, {"X": 0, "Y": 264}, {"X": 3, "Y": 110}, {"X": 0, "Y": 605}, {"X": 7, "Y": 66}, {"X": 0, "Y": 264}, {"X": 8, "Y": 66}, {"X": 7, "Y": 66}, {"X": 0, "Y": 55}, {"X": 2, "Y": 278}, {"X": 11, "Y": 38855}], "1935406": [{"X": 11, "Y": 2732}, {"X": 10, "Y": 45}, {"X": 0, "Y": 5}, {"X": 5, "Y": 63}, {"X": 2, "Y": 300}, {"X": 0, "Y": 25}, {"X": 7, "Y": 60}, {"X": 0, "Y": 333}, {"X": 7, "Y": 61}, {"X": 0, "Y": 35}, {"X": 4, "Y": 62}, {"X": 0, "Y": 15}, {"X": 7, "Y": 65}, {"X": 0, "Y": 428}, {"X": 3, "Y": 110}, {"X": 0, "Y": 264}, {"X": 5, "Y": 67}, {"X": 0, "Y": 77}, {"X": 1, "Y": 66}, {"X": 0, "Y": 527}, {"X": 8, "Y": 7294}, {"X": 0, "Y": 528}, {"X": 1, "Y": 67}, {"X": 0, "Y": 77}, {"X": 5, "Y": 66}, {"X": 0, "Y": 264}, {"X": 3, "Y": 110}, {"X": 0, "Y": 428}, {"X": 7, "Y": 67}, {"X": 0, "Y": 10}, {"X": 4, "Y": 66}, {"X": 0, "Y": 34}, {"X": 7, "Y": 66}, {"X": 0, "Y": 329}, {"X": 7, "Y": 67}, {"X": 0, "Y": 54}, {"X": 2, "Y": 279}, {"X": 5, "Y": 66}, {"X": 11, "Y": 38788}], "521750": [{"X": 11, "Y": 2732}, {"X": 10, "Y": 45}, {"X": 0, "Y": 5}, {"X": 5, "Y": 68}, {"X": 2, "Y": 294}, {"X": 0, "Y": 418}, {"X": 7, "Y": 63}, {"X": 0, "Y": 33}, {"X": 4, "Y": 68}, {"X": 0, "Y": 10}, {"X": 7, "Y": 65}, {"X": 0, "Y": 427}, {"X": 3, "Y": 115}, {"X": 0, "Y": 264}, {"X": 5, "Y": 63}, {"X": 0, "Y": 80}, {"X": 1, "Y": 65}, {"X": 0, "Y": 529}, {"X": 8, "Y": 7257}, {"X": 0, "Y": 567}, {"X": 1, "Y": 61}, {"X": 0, "Y": 77}, {"X": 5, "Y": 66}, {"X": 0, "Y": 266}, {"X": 3, "Y": 107}, {"X": 0, "Y": 606}, {"X": 7, "Y": 74}, {"X": 0, "Y": 259}, {"X": 8, "Y": 63}, {"X": 7, "Y": 60}, {"X": 0, "Y": 63}, {"X": 2, "Y": 298}, {"X": 5, "Y": 66}, {"X": 11, "Y": 38766}], "644885": [{"X": 11, "Y": 2732}, {"X": 10, "Y": 45}, {"X": 0, "Y": 5}, {"X": 5, "Y": 63}, {"X": 2, "Y": 300}, {"X": 0, "Y": 417}, {"X": 7, "Y": 63}, {"X": 0, "Y": 33}, {"X": 4, "Y": 68}, {"X": 0, "Y": 10}, {"X": 7, "Y": 65}, {"X": 0, "Y": 427}, {"X": 3, "Y": 110}, {"X": 0, "Y": 266}, {"X": 5, "Y": 66}, {"X": 0, "Y": 81}, {"X": 1, "Y": 65}, {"X": 0, "Y": 528}, {"X": 8, "Y": 7257}, {"X": 0, "Y": 253}, {"X": 5, "Y": 66}, {"X": 0, "Y": 166}, {"X": 4, "Y": 62}, {"X": 0, "Y": 157}, {"X": 5, "Y": 67}, {"X": 0, "Y": 275}, {"X": 3, "Y": 98}, {"X": 0, "Y": 606}, {"X": 7, "Y": 68}, {"X": 0, "Y": 267}, {"X": 8, "Y": 61}, {"X": 7, "Y": 70}, {"X": 0, "Y": 54}, {"X": 2, "Y": 286}, {"X": 11, "Y": 38843}]}