{"417205": [{"X": 11, "Y": 479}, {"X": 10, "Y": 276}, {"X": 0, "Y": 170}, {"X": 8, "Y": 1104}, {"X": 0, "Y": 365}, {"X": 3, "Y": 1294}, {"X": 0, "Y": 360}, {"X": 8, "Y": 1053}, {"X": 0, "Y": 215}, {"X": 3, "Y": 1739}, {"X": 0, "Y": 140}, {"X": 3, "Y": 1433}, {"X": 0, "Y": 10}, {"X": 3, "Y": 1331}, {"X": 0, "Y": 165}, {"X": 3, "Y": 1670}, {"X": 0, "Y": 150}, {"X": 3, "Y": 1198}, {"X": 0, "Y": 100}, {"X": 3, "Y": 1377}, {"X": 0, "Y": 75}, {"X": 3, "Y": 1363}, {"X": 0, "Y": 30}, {"X": 3, "Y": 1751}, {"X": 0, "Y": 200}, {"X": 3, "Y": 814}, {"X": 0, "Y": 60}, {"X": 3, "Y": 1784}, {"X": 0, "Y": 300}, {"X": 2, "Y": 802}, {"X": 0, "Y": 15}, {"X": 2, "Y": 752}, {"X": 0, "Y": 140}, {"X": 3, "Y": 803}, {"X": 0, "Y": 295}, {"X": 3, "Y": 642}, {"X": 0, "Y": 215}, {"X": 8, "Y": 1044}, {"X": 0, "Y": 105}, {"X": 3, "Y": 779}, {"X": 0, "Y": 200}, {"X": 3, "Y": 958}, {"X": 0, "Y": 1245}, {"X": 8, "Y": 1185}, {"X": 0, "Y": 270}, {"X": 3, "Y": 1405}, {"X": 0, "Y": 60}, {"X": 3, "Y": 630}, {"X": 0, "Y": 205}, {"X": 8, "Y": 895}, {"X": 0, "Y": 375}, {"X": 2, "Y": 1087}, {"X": 0, "Y": 250}, {"X": 3, "Y": 1243}, {"X": 0, "Y": 100}, {"X": 3, "Y": 887}, {"X": 0, "Y": 150}, {"X": 3, "Y": 1395}, {"X": 0, "Y": 340}, {"X": 3, "Y": 1464}, {"X": 0, "Y": 285}, {"X": 3, "Y": 1141}, {"X": 0, "Y": 255}, {"X": 2, "Y": 1228}, {"X": 0, "Y": 80}, {"X": 2, "Y": 1666}, {"X": 0, "Y": 40}, {"X": 2, "Y": 886}, {"X": 0, "Y": 165}, {"X": 3, "Y": 1218}, {"X": 0, "Y": 150}, {"X": 3, "Y": 875}, {"X": 0, "Y": 160}, {"X": 3, "Y": 1311}, {"X": 0, "Y": 215}, {"X": 8, "Y": 1870}, {"X": 11, "Y": 1513}], "1737703": [{"X": 11, "Y": 663}, {"X": 10, "Y": 47}, {"X": 0, "Y": 190}, {"X": 3, "Y": 1366}, {"X": 0, "Y": 265}, {"X": 3, "Y": 741}, {"X": 0, "Y": 45}, {"X": 3, "Y": 2030}, {"X": 0, "Y": 260}, {"X": 3, "Y": 1304}, {"X": 0, "Y": 40}, {"X": 3, "Y": 982}, {"X": 0, "Y": 140}, {"X": 3, "Y": 1589}, {"X": 0, "Y": 340}, {"X": 3, "Y": 1807}, {"X": 0, "Y": 265}, {"X": 3, "Y": 1268}, {"X": 0, "Y": 70}, {"X": 3, "Y": 1114}, {"X": 0, "Y": 40}, {"X": 3, "Y": 1332}, {"X": 0, "Y": 205}, {"X": 8, "Y": 901}, {"X": 0, "Y": 105}, {"X": 3, "Y": 841}, {"X": 0, "Y": 205}, {"X": 3, "Y": 549}, {"X": 11, "Y": 35296}], "1458915": [{"X": 11, "Y": 920}, {"X": 10, "Y": 49}, {"X": 0, "Y": 426}, {"X": 2, "Y": 1140}, {"X": 0, "Y": 300}, {"X": 3, "Y": 1629}, {"X": 0, "Y": 318}, {"X": 3, "Y": 1221}, {"X": 0, "Y": 150}, {"X": 8, "Y": 2071}, {"X": 0, "Y": 126}, {"X": 3, "Y": 912}, {"X": 0, "Y": 126}, {"X": 8, "Y": 1178}, {"X": 0, "Y": 150}, {"X": 3, "Y": 1131}, {"X": 0, "Y": 342}, {"X": 3, "Y": 1211}, {"X": 0, "Y": 48}, {"X": 3, "Y": 1303}, {"X": 0, "Y": 312}, {"X": 3, "Y": 1153}, {"X": 0, "Y": 318}, {"X": 3, "Y": 838}, {"X": 0, "Y": 258}, {"X": 8, "Y": 785}, {"X": 11, "Y": 35585}], "953838": [{"X": 11, "Y": 1094}, {"X": 10, "Y": 490}, {"X": 0, "Y": 90}, {"X": 2, "Y": 1856}, {"X": 0, "Y": 132}, {"X": 8, "Y": 1219}, {"X": 0, "Y": 414}, {"X": 3, "Y": 693}, {"X": 0, "Y": 318}, {"X": 3, "Y": 1601}, {"X": 0, "Y": 354}, {"X": 3, "Y": 650}, {"X": 0, "Y": 1283}, {"X": 2, "Y": 967}, {"X": 0, "Y": 432}, {"X": 8, "Y": 1498}, {"X": 0, "Y": 150}, {"X": 3, "Y": 701}, {"X": 0, "Y": 150}, {"X": 8, "Y": 2846}, {"X": 0, "Y": 438}, {"X": 2, "Y": 966}, {"X": 0, "Y": 228}, {"X": 3, "Y": 774}, {"X": 0, "Y": 246}, {"X": 8, "Y": 1493}, {"X": 0, "Y": 324}, {"X": 3, "Y": 990}, {"X": 0, "Y": 324}, {"X": 8, "Y": 1562}, {"X": 0, "Y": 282}, {"X": 3, "Y": 1337}, {"X": 0, "Y": 306}, {"X": 2, "Y": 1561}, {"X": 0, "Y": 432}, {"X": 8, "Y": 692}, {"X": 0, "Y": 282}, {"X": 3, "Y": 1060}, {"X": 0, "Y": 282}, {"X": 8, "Y": 652}, {"X": 0, "Y": 270}, {"X": 3, "Y": 1260}, {"X": 0, "Y": 270}, {"X": 8, "Y": 1676}, {"X": 0, "Y": 318}, {"X": 3, "Y": 1678}, {"X": 0, "Y": 120}, {"X": 3, "Y": 824}, {"X": 0, "Y": 312}, {"X": 3, "Y": 806}, {"X": 0, "Y": 258}, {"X": 8, "Y": 1340}, {"X": 0, "Y": 150}, {"X": 3, "Y": 1624}, {"X": 0, "Y": 420}, {"X": 8, "Y": 1555}, {"X": 0, "Y": 132}, {"X": 2, "Y": 153}, {"X": 11, "Y": 9665}], "626433": [{"X": 11, "Y": 1553}, {"X": 10, "Y": 507}, {"X": 0, "Y": 400}, {"X": 8, "Y": 1165}, {"X": 0, "Y": 265}, {"X": 3, "Y": 697}, {"X": 0, "Y": 265}, {"X": 2, "Y": 1910}, {"X": 0, "Y": 370}, {"X": 8, "Y": 1108}, {"X": 0, "Y": 235}, {"X": 3, "Y": 692}, {"X": 0, "Y": 145}, {"X": 3, "Y": 1398}, {"X": 0, "Y": 215}, {"X": 8, "Y": 1770}, {"X": 0, "Y": 400}, {"X": 3, "Y": 2664}, {"X": 0, "Y": 155}, {"X": 3, "Y": 898}, {"X": 0, "Y": 35}, {"X": 3, "Y": 1737}, {"X": 0, "Y": 1151}, {"X": 3, "Y": 1789}, {"X": 0, "Y": 1283}, {"X": 3, "Y": 797}, {"X": 0, "Y": 215}, {"X": 2, "Y": 1659}, {"X": 0, "Y": 400}, {"X": 3, "Y": 1240}, {"X": 0, "Y": 245}, {"X": 3, "Y": 1626}, {"X": 0, "Y": 145}, {"X": 3, "Y": 1145}, {"X": 0, "Y": 110}, {"X": 3, "Y": 793}, {"X": 0, "Y": 115}, {"X": 3, "Y": 1653}, {"X": 0, "Y": 200}, {"X": 3, "Y": 1657}, {"X": 0, "Y": 110}, {"X": 8, "Y": 1321}, {"X": 0, "Y": 235}, {"X": 3, "Y": 719}, {"X": 0, "Y": 70}, {"X": 3, "Y": 1449}, {"X": 0, "Y": 10}, {"X": 3, "Y": 868}, {"X": 0, "Y": 90}, {"X": 3, "Y": 947}, {"X": 0, "Y": 235}, {"X": 3, "Y": 1060}, {"X": 0, "Y": 305}, {"X": 3, "Y": 1298}, {"X": 0, "Y": 110}, {"X": 3, "Y": 953}, {"X": 0, "Y": 150}, {"X": 3, "Y": 1018}, {"X": 11, "Y": 8245}], "1725365": [{"X": 11, "Y": 1692}, {"X": 10, "Y": 454}, {"X": 0, "Y": 184}, {"X": 3, "Y": 706}, {"X": 0, "Y": 112}, {"X": 3, "Y": 1384}, {"X": 0, "Y": 244}, {"X": 8, "Y": 1790}, {"X": 0, "Y": 84}, {"X": 3, "Y": 1660}, {"X": 0, "Y": 140}, {"X": 3, "Y": 1721}, {"X": 0, "Y": 196}, {"X": 2, "Y": 877}, {"X": 0, "Y": 152}, {"X": 3, "Y": 1087}, {"X": 0, "Y": 164}, {"X": 8, "Y": 2400}, {"X": 0, "Y": 180}, {"X": 3, "Y": 785}, {"X": 0, "Y": 256}, {"X": 8, "Y": 1276}, {"X": 0, "Y": 40}, {"X": 3, "Y": 1793}, {"X": 0, "Y": 224}, {"X": 8, "Y": 1097}, {"X": 0, "Y": 172}, {"X": 3, "Y": 1111}, {"X": 0, "Y": 212}, {"X": 3, "Y": 1491}, {"X": 0, "Y": 20}, {"X": 3, "Y": 1540}, {"X": 0, "Y": 24}, {"X": 3, "Y": 881}, {"X": 0, "Y": 256}, {"X": 8, "Y": 1255}, {"X": 0, "Y": 284}, {"X": 8, "Y": 1452}, {"X": 0, "Y": 1000}, {"X": 3, "Y": 926}, {"X": 0, "Y": 8}, {"X": 3, "Y": 861}, {"X": 0, "Y": 324}, {"X": 8, "Y": 882}, {"X": 0, "Y": 320}, {"X": 3, "Y": 1659}, {"X": 0, "Y": 320}, {"X": 8, "Y": 1523}, {"X": 0, "Y": 284}, {"X": 8, "Y": 1721}, {"X": 0, "Y": 248}, {"X": 3, "Y": 656}, {"X": 0, "Y": 192}, {"X": 3, "Y": 1353}, {"X": 0, "Y": 84}, {"X": 8, "Y": 2582}, {"X": 0, "Y": 164}, {"X": 3, "Y": 1603}, {"X": 0, "Y": 28}, {"X": 3, "Y": 970}, {"X": 0, "Y": 236}, {"X": 3, "Y": 1734}, {"X": 0, "Y": 272}, {"X": 3, "Y": 1363}, {"X": 0, "Y": 60}, {"X": 3, "Y": 212}, {"X": 11, "Y": 3019}], "334793": [{"X": 11, "Y": 2447}, {"X": 10, "Y": 46}, {"X": 0, "Y": 144}, {"X": 3, "Y": 1232}, {"X": 0, "Y": 36}, {"X": 3, "Y": 1475}, {"X": 0, "Y": 324}, {"X": 2, "Y": 1193}, {"X": 0, "Y": 432}, {"X": 8, "Y": 1577}, {"X": 0, "Y": 318}, {"X": 3, "Y": 1758}, {"X": 0, "Y": 432}, {"X": 8, "Y": 1272}, {"X": 0, "Y": 84}, {"X": 2, "Y": 1025}, {"X": 0, "Y": 84}, {"X": 8, "Y": 1235}, {"X": 0, "Y": 426}, {"X": 8, "Y": 821}, {"X": 0, "Y": 126}, {"X": 3, "Y": 1508}, {"X": 0, "Y": 426}, {"X": 2, "Y": 460}, {"X": 11, "Y": 35119}], "1378816": [{"X": 11, "Y": 3261}, {"X": 10, "Y": 64}, {"X": 0, "Y": 882}, {"X": 8, "Y": 1134}, {"X": 0, "Y": 225}, {"X": 3, "Y": 72}, {"X": 0, "Y": 126}, {"X": 3, "Y": 667}, {"X": 0, "Y": 180}, {"X": 3, "Y": 350}, {"X": 0, "Y": 252}, {"X": 2, "Y": 468}, {"X": 0, "Y": 9}, {"X": 5, "Y": 244}, {"X": 0, "Y": 738}, {"X": 1, "Y": 280}, {"X": 0, "Y": 315}, {"X": 3, "Y": 63}, {"X": 0, "Y": 369}, {"X": 1, "Y": 222}, {"X": 0, "Y": 369}, {"X": 3, "Y": 72}, {"X": 0, "Y": 225}, {"X": 8, "Y": 63}, {"X": 0, "Y": 198}, {"X": 3, "Y": 2392}, {"X": 0, "Y": 387}, {"X": 1, "Y": 135}, {"X": 0, "Y": 369}, {"X": 1, "Y": 399}, {"X": 0, "Y": 369}, {"X": 1, "Y": 124}, {"X": 0, "Y": 774}, {"X": 1, "Y": 234}, {"X": 0, "Y": 252}, {"X": 3, "Y": 557}, {"X": 0, "Y": 162}, {"X": 5, "Y": 412}, {"X": 0, "Y": 171}, {"X": 1, "Y": 1350}, {"X": 11, "Y": 35065}], "2083878": [{"X": 11, "Y": 3261}, {"X": 10, "Y": 64}, {"X": 0, "Y": 882}, {"X": 8, "Y": 1134}, {"X": 0, "Y": 234}, {"X": 3, "Y": 63}, {"X": 0, "Y": 126}, {"X": 3, "Y": 667}, {"X": 0, "Y": 180}, {"X": 3, "Y": 351}, {"X": 0, "Y": 252}, {"X": 2, "Y": 477}, {"X": 0, "Y": 9}, {"X": 5, "Y": 234}, {"X": 0, "Y": 747}, {"X": 1, "Y": 271}, {"X": 0, "Y": 315}, {"X": 3, "Y": 72}, {"X": 0, "Y": 360}, {"X": 1, "Y": 221}, {"X": 0, "Y": 369}, {"X": 3, "Y": 72}, {"X": 0, "Y": 225}, {"X": 8, "Y": 64}, {"X": 0, "Y": 198}, {"X": 3, "Y": 2392}, {"X": 0, "Y": 387}, {"X": 1, "Y": 136}, {"X": 0, "Y": 369}, {"X": 1, "Y": 398}, {"X": 0, "Y": 369}, {"X": 1, "Y": 123}, {"X": 0, "Y": 774}, {"X": 1, "Y": 235}, {"X": 0, "Y": 252}, {"X": 3, "Y": 557}, {"X": 0, "Y": 162}, {"X": 5, "Y": 413}, {"X": 0, "Y": 171}, {"X": 1, "Y": 1348}, {"X": 11, "Y": 35066}], "431551": [{"X": 11, "Y": 3261}, {"X": 10, "Y": 63}, {"X": 0, "Y": 882}, {"X": 8, "Y": 1134}, {"X": 0, "Y": 234}, {"X": 3, "Y": 63}, {"X": 0, "Y": 126}, {"X": 3, "Y": 668}, {"X": 0, "Y": 180}, {"X": 3, "Y": 350}, {"X": 0, "Y": 252}, {"X": 2, "Y": 477}, {"X": 0, "Y": 9}, {"X": 5, "Y": 244}, {"X": 0, "Y": 738}, {"X": 1, "Y": 270}, {"X": 0, "Y": 315}, {"X": 3, "Y": 63}, {"X": 0, "Y": 369}, {"X": 1, "Y": 222}, {"X": 0, "Y": 369}, {"X": 3, "Y": 72}, {"X": 0, "Y": 225}, {"X": 8, "Y": 64}, {"X": 0, "Y": 189}, {"X": 3, "Y": 2410}, {"X": 0, "Y": 378}, {"X": 1, "Y": 135}, {"X": 0, "Y": 369}, {"X": 1, "Y": 399}, {"X": 0, "Y": 369}, {"X": 1, "Y": 123}, {"X": 0, "Y": 774}, {"X": 1, "Y": 234}, {"X": 0, "Y": 252}, {"X": 3, "Y": 558}, {"X": 0, "Y": 162}, {"X": 5, "Y": 412}, {"X": 0, "Y": 171}, {"X": 1, "Y": 1349}, {"X": 11, "Y": 35066}], "2090763": [{"X": 11, "Y": 3444}, {"X": 10, "Y": 1016}, {"X": 0, "Y": 285}, {"X": 3, "Y": 1321}, {"X": 0, "Y": 1992}, {"X": 8, "Y": 1122}, {"X": 0, "Y": 265}, {"X": 3, "Y": 815}, {"X": 0, "Y": 265}, {"X": 8, "Y": 4536}, {"X": 0, "Y": 3130}, {"X": 3, "Y": 403}, {"X": 11, "Y": 35406}], "1680161": [{"X": 11, "Y": 4098}, {"X": 10, "Y": 778}, {"X": 0, "Y": 200}, {"X": 3, "Y": 1746}, {"X": 0, "Y": 80}, {"X": 3, "Y": 1230}, {"X": 0, "Y": 52}, {"X": 3, "Y": 1782}, {"X": 0, "Y": 84}, {"X": 8, "Y": 1401}, {"X": 0, "Y": 228}, {"X": 3, "Y": 1154}, {"X": 0, "Y": 232}, {"X": 3, "Y": 1485}, {"X": 0, "Y": 100}, {"X": 8, "Y": 278}, {"X": 11, "Y": 39072}], "1748887": [{"X": 11, "Y": 5458}, {"X": 10, "Y": 41}, {"X": 0, "Y": 504}, {"X": 3, "Y": 1530}, {"X": 0, "Y": 336}, {"X": 8, "Y": 684}, {"X": 0, "Y": 318}, {"X": 3, "Y": 1823}, {"X": 0, "Y": 114}, {"X": 3, "Y": 931}, {"X": 0, "Y": 150}, {"X": 8, "Y": 1539}, {"X": 0, "Y": 282}, {"X": 3, "Y": 1331}, {"X": 0, "Y": 120}, {"X": 3, "Y": 127}, {"X": 11, "Y": 38712}]}