{"1080969": [{"X": 11, "Y": 2740}, {"X": 10, "Y": 52}, {"X": 0, "Y": 55}, {"X": 2, "Y": 276}, {"X": 0, "Y": 43}, {"X": 7, "Y": 65}, {"X": 8, "Y": 60}, {"X": 0, "Y": 268}, {"X": 7, "Y": 72}, {"X": 0, "Y": 27}, {"X": 4, "Y": 60}, {"X": 0, "Y": 20}, {"X": 7, "Y": 67}, {"X": 0, "Y": 441}, {"X": 3, "Y": 95}, {"X": 0, "Y": 265}, {"X": 5, "Y": 65}, {"X": 0, "Y": 385}, {"X": 5, "Y": 69}, {"X": 0, "Y": 241}, {"X": 8, "Y": 7238}, {"X": 0, "Y": 262}, {"X": 5, "Y": 60}, {"X": 0, "Y": 717}, {"X": 3, "Y": 120}, {"X": 0, "Y": 425}, {"X": 7, "Y": 60}, {"X": 0, "Y": 110}, {"X": 7, "Y": 65}, {"X": 0, "Y": 265}, {"X": 8, "Y": 61}, {"X": 0, "Y": 123}, {"X": 2, "Y": 288}, {"X": 5, "Y": 66}, {"X": 0, "Y": 11}, {"X": 10, "Y": 5560}, {"X": 0, "Y": 62}, {"X": 2, "Y": 307}, {"X": 0, "Y": 20}, {"X": 7, "Y": 65}, {"X": 8, "Y": 65}, {"X": 0, "Y": 257}, {"X": 7, "Y": 65}, {"X": 0, "Y": 35}, {"X": 4, "Y": 70}, {"X": 0, "Y": 6}, {"X": 7, "Y": 69}, {"X": 0, "Y": 418}, {"X": 3, "Y": 120}, {"X": 0, "Y": 716}, {"X": 5, "Y": 62}, {"X": 0, "Y": 234}, {"X": 8, "Y": 7276}, {"X": 0, "Y": 545}, {"X": 1, "Y": 60}, {"X": 0, "Y": 72}, {"X": 5, "Y": 66}, {"X": 0, "Y": 275}, {"X": 3, "Y": 115}, {"X": 0, "Y": 75}, {"X": 3, "Y": 60}, {"X": 0, "Y": 791}, {"X": 8, "Y": 60}, {"X": 0, "Y": 134}, {"X": 2, "Y": 277}, {"X": 5, "Y": 66}, {"X": 11, "Y": 20760}], "644885": [{"X": 11, "Y": 2740}, {"X": 10, "Y": 52}, {"X": 0, "Y": 56}, {"X": 2, "Y": 273}, {"X": 0, "Y": 442}, {"X": 7, "Y": 65}, {"X": 0, "Y": 118}, {"X": 7, "Y": 60}, {"X": 0, "Y": 284}, {"X": 3, "Y": 60}, {"X": 0, "Y": 73}, {"X": 3, "Y": 119}, {"X": 0, "Y": 263}, {"X": 5, "Y": 66}, {"X": 0, "Y": 385}, {"X": 5, "Y": 65}, {"X": 0, "Y": 245}, {"X": 8, "Y": 7239}, {"X": 0, "Y": 256}, {"X": 5, "Y": 66}, {"X": 0, "Y": 386}, {"X": 5, "Y": 65}, {"X": 0, "Y": 260}, {"X": 3, "Y": 125}, {"X": 0, "Y": 590}, {"X": 7, "Y": 70}, {"X": 0, "Y": 260}, {"X": 8, "Y": 69}, {"X": 7, "Y": 60}, {"X": 0, "Y": 70}, {"X": 2, "Y": 278}, {"X": 0, "Y": 77}, {"X": 10, "Y": 5560}, {"X": 0, "Y": 72}, {"X": 2, "Y": 297}, {"X": 0, "Y": 20}, {"X": 7, "Y": 60}, {"X": 8, "Y": 65}, {"X": 0, "Y": 263}, {"X": 7, "Y": 65}, {"X": 0, "Y": 43}, {"X": 4, "Y": 60}, {"X": 0, "Y": 10}, {"X": 7, "Y": 64}, {"X": 0, "Y": 438}, {"X": 3, "Y": 103}, {"X": 0, "Y": 261}, {"X": 5, "Y": 70}, {"X": 0, "Y": 382}, {"X": 5, "Y": 72}, {"X": 0, "Y": 226}, {"X": 8, "Y": 7286}, {"X": 0, "Y": 670}, {"X": 5, "Y": 64}, {"X": 0, "Y": 267}, {"X": 3, "Y": 118}, {"X": 0, "Y": 77}, {"X": 3, "Y": 60}, {"X": 0, "Y": 292}, {"X": 7, "Y": 62}, {"X": 0, "Y": 434}, {"X": 8, "Y": 65}, {"X": 0, "Y": 130}, {"X": 2, "Y": 270}, {"X": 11, "Y": 20837}], "1781070": [{"X": 11, "Y": 2740}, {"X": 10, "Y": 37}, {"X": 0, "Y": 5}, {"X": 5, "Y": 68}, {"X": 2, "Y": 270}, {"X": 0, "Y": 45}, {"X": 7, "Y": 70}, {"X": 0, "Y": 328}, {"X": 7, "Y": 63}, {"X": 0, "Y": 32}, {"X": 4, "Y": 60}, {"X": 0, "Y": 20}, {"X": 7, "Y": 65}, {"X": 0, "Y": 286}, {"X": 3, "Y": 60}, {"X": 0, "Y": 74}, {"X": 3, "Y": 119}, {"X": 0, "Y": 263}, {"X": 5, "Y": 66}, {"X": 0, "Y": 385}, {"X": 5, "Y": 66}, {"X": 0, "Y": 244}, {"X": 8, "Y": 7239}, {"X": 0, "Y": 256}, {"X": 5, "Y": 66}, {"X": 0, "Y": 386}, {"X": 5, "Y": 65}, {"X": 0, "Y": 264}, {"X": 3, "Y": 117}, {"X": 0, "Y": 599}, {"X": 7, "Y": 65}, {"X": 0, "Y": 264}, {"X": 8, "Y": 63}, {"X": 0, "Y": 128}, {"X": 2, "Y": 282}, {"X": 5, "Y": 66}, {"X": 0, "Y": 11}, {"X": 10, "Y": 5560}, {"X": 0, "Y": 62}, {"X": 2, "Y": 311}, {"X": 0, "Y": 10}, {"X": 7, "Y": 66}, {"X": 8, "Y": 65}, {"X": 0, "Y": 363}, {"X": 4, "Y": 65}, {"X": 0, "Y": 10}, {"X": 7, "Y": 70}, {"X": 0, "Y": 429}, {"X": 3, "Y": 109}, {"X": 0, "Y": 262}, {"X": 5, "Y": 68}, {"X": 0, "Y": 385}, {"X": 5, "Y": 70}, {"X": 0, "Y": 228}, {"X": 8, "Y": 7285}, {"X": 0, "Y": 669}, {"X": 5, "Y": 63}, {"X": 0, "Y": 278}, {"X": 3, "Y": 108}, {"X": 0, "Y": 1115}, {"X": 2, "Y": 275}, {"X": 5, "Y": 66}, {"X": 11, "Y": 20771}], "521750": [{"X": 11, "Y": 2740}, {"X": 10, "Y": 37}, {"X": 0, "Y": 5}, {"X": 5, "Y": 68}, {"X": 2, "Y": 270}, {"X": 0, "Y": 45}, {"X": 7, "Y": 66}, {"X": 0, "Y": 332}, {"X": 7, "Y": 62}, {"X": 0, "Y": 111}, {"X": 7, "Y": 69}, {"X": 0, "Y": 433}, {"X": 3, "Y": 104}, {"X": 0, "Y": 263}, {"X": 5, "Y": 66}, {"X": 0, "Y": 390}, {"X": 5, "Y": 60}, {"X": 0, "Y": 221}, {"X": 8, "Y": 7263}, {"X": 0, "Y": 256}, {"X": 5, "Y": 66}, {"X": 0, "Y": 712}, {"X": 3, "Y": 124}, {"X": 0, "Y": 183}, {"X": 4, "Y": 60}, {"X": 0, "Y": 252}, {"X": 4, "Y": 65}, {"X": 0, "Y": 30}, {"X": 7, "Y": 70}, {"X": 0, "Y": 449}, {"X": 2, "Y": 288}, {"X": 0, "Y": 77}, {"X": 10, "Y": 5560}, {"X": 0, "Y": 72}, {"X": 2, "Y": 297}, {"X": 0, "Y": 15}, {"X": 7, "Y": 64}, {"X": 8, "Y": 65}, {"X": 0, "Y": 361}, {"X": 4, "Y": 61}, {"X": 0, "Y": 16}, {"X": 7, "Y": 70}, {"X": 0, "Y": 176}, {"X": 4, "Y": 60}, {"X": 0, "Y": 187}, {"X": 3, "Y": 112}, {"X": 0, "Y": 267}, {"X": 5, "Y": 67}, {"X": 0, "Y": 681}, {"X": 8, "Y": 7276}, {"X": 0, "Y": 677}, {"X": 5, "Y": 66}, {"X": 0, "Y": 268}, {"X": 3, "Y": 119}, {"X": 0, "Y": 75}, {"X": 3, "Y": 60}, {"X": 0, "Y": 290}, {"X": 7, "Y": 65}, {"X": 0, "Y": 436}, {"X": 8, "Y": 65}, {"X": 0, "Y": 120}, {"X": 2, "Y": 278}, {"X": 11, "Y": 20837}], "1787551": [{"X": 11, "Y": 2740}, {"X": 10, "Y": 27}, {"X": 0, "Y": 11}, {"X": 5, "Y": 66}, {"X": 2, "Y": 275}, {"X": 0, "Y": 44}, {"X": 7, "Y": 66}, {"X": 0, "Y": 330}, {"X": 7, "Y": 66}, {"X": 0, "Y": 110}, {"X": 7, "Y": 66}, {"X": 0, "Y": 418}, {"X": 3, "Y": 121}, {"X": 0, "Y": 264}, {"X": 5, "Y": 66}, {"X": 0, "Y": 385}, {"X": 5, "Y": 66}, {"X": 0, "Y": 220}, {"X": 8, "Y": 7263}, {"X": 0, "Y": 253}, {"X": 5, "Y": 66}, {"X": 0, "Y": 385}, {"X": 5, "Y": 66}, {"X": 0, "Y": 264}, {"X": 3, "Y": 121}, {"X": 0, "Y": 495}, {"X": 4, "Y": 66}, {"X": 0, "Y": 33}, {"X": 7, "Y": 66}, {"X": 0, "Y": 264}, {"X": 8, "Y": 66}, {"X": 0, "Y": 121}, {"X": 2, "Y": 279}, {"X": 5, "Y": 66}, {"X": 0, "Y": 11}, {"X": 10, "Y": 5554}, {"X": 0, "Y": 11}, {"X": 5, "Y": 66}, {"X": 2, "Y": 308}, {"X": 0, "Y": 11}, {"X": 7, "Y": 66}, {"X": 8, "Y": 66}, {"X": 0, "Y": 264}, {"X": 7, "Y": 66}, {"X": 0, "Y": 33}, {"X": 4, "Y": 66}, {"X": 0, "Y": 11}, {"X": 7, "Y": 66}, {"X": 0, "Y": 418}, {"X": 3, "Y": 121}, {"X": 0, "Y": 264}, {"X": 5, "Y": 66}, {"X": 0, "Y": 385}, {"X": 5, "Y": 66}, {"X": 0, "Y": 231}, {"X": 8, "Y": 7285}, {"X": 0, "Y": 528}, {"X": 1, "Y": 66}, {"X": 0, "Y": 77}, {"X": 5, "Y": 66}, {"X": 0, "Y": 264}, {"X": 3, "Y": 121}, {"X": 0, "Y": 924}, {"X": 8, "Y": 66}, {"X": 0, "Y": 121}, {"X": 2, "Y": 279}, {"X": 5, "Y": 66}, {"X": 11, "Y": 20772}], "1935406": [{"X": 11, "Y": 2740}, {"X": 10, "Y": 52}, {"X": 0, "Y": 56}, {"X": 2, "Y": 273}, {"X": 0, "Y": 45}, {"X": 7, "Y": 65}, {"X": 0, "Y": 335}, {"X": 7, "Y": 60}, {"X": 0, "Y": 110}, {"X": 7, "Y": 65}, {"X": 0, "Y": 443}, {"X": 3, "Y": 98}, {"X": 0, "Y": 263}, {"X": 5, "Y": 65}, {"X": 0, "Y": 385}, {"X": 5, "Y": 70}, {"X": 0, "Y": 216}, {"X": 8, "Y": 7264}, {"X": 0, "Y": 256}, {"X": 5, "Y": 66}, {"X": 0, "Y": 718}, {"X": 3, "Y": 119}, {"X": 0, "Y": 589}, {"X": 7, "Y": 71}, {"X": 0, "Y": 458}, {"X": 2, "Y": 278}, {"X": 5, "Y": 66}, {"X": 0, "Y": 11}, {"X": 10, "Y": 5560}, {"X": 0, "Y": 5}, {"X": 5, "Y": 62}, {"X": 2, "Y": 302}, {"X": 0, "Y": 408}, {"X": 7, "Y": 73}, {"X": 0, "Y": 30}, {"X": 4, "Y": 65}, {"X": 0, "Y": 7}, {"X": 7, "Y": 62}, {"X": 0, "Y": 425}, {"X": 3, "Y": 121}, {"X": 0, "Y": 261}, {"X": 5, "Y": 70}, {"X": 0, "Y": 382}, {"X": 5, "Y": 72}, {"X": 0, "Y": 245}, {"X": 8, "Y": 7267}, {"X": 0, "Y": 525}, {"X": 1, "Y": 65}, {"X": 0, "Y": 80}, {"X": 5, "Y": 64}, {"X": 0, "Y": 277}, {"X": 3, "Y": 109}, {"X": 0, "Y": 75}, {"X": 3, "Y": 60}, {"X": 0, "Y": 294}, {"X": 7, "Y": 60}, {"X": 0, "Y": 634}, {"X": 2, "Y": 277}, {"X": 5, "Y": 66}, {"X": 11, "Y": 20760}], "1629516": [{"X": 11, "Y": 2740}, {"X": 10, "Y": 52}, {"X": 0, "Y": 55}, {"X": 2, "Y": 272}, {"X": 0, "Y": 440}, {"X": 7, "Y": 66}, {"X": 0, "Y": 33}, {"X": 4, "Y": 60}, {"X": 0, "Y": 512}, {"X": 3, "Y": 112}, {"X": 0, "Y": 263}, {"X": 5, "Y": 71}, {"X": 0, "Y": 383}, {"X": 5, "Y": 62}, {"X": 0, "Y": 220}, {"X": 8, "Y": 7264}, {"X": 0, "Y": 256}, {"X": 5, "Y": 66}, {"X": 0, "Y": 382}, {"X": 5, "Y": 66}, {"X": 0, "Y": 275}, {"X": 3, "Y": 113}, {"X": 0, "Y": 75}, {"X": 3, "Y": 60}, {"X": 0, "Y": 48}, {"X": 4, "Y": 60}, {"X": 0, "Y": 347}, {"X": 7, "Y": 70}, {"X": 0, "Y": 452}, {"X": 2, "Y": 285}, {"X": 0, "Y": 77}, {"X": 10, "Y": 5560}, {"X": 0, "Y": 62}, {"X": 2, "Y": 308}, {"X": 0, "Y": 10}, {"X": 7, "Y": 73}, {"X": 8, "Y": 60}, {"X": 0, "Y": 263}, {"X": 7, "Y": 69}, {"X": 0, "Y": 30}, {"X": 4, "Y": 70}, {"X": 0, "Y": 6}, {"X": 7, "Y": 70}, {"X": 0, "Y": 285}, {"X": 3, "Y": 60}, {"X": 0, "Y": 73}, {"X": 3, "Y": 126}, {"X": 0, "Y": 708}, {"X": 5, "Y": 67}, {"X": 0, "Y": 231}, {"X": 8, "Y": 7286}, {"X": 0, "Y": 535}, {"X": 1, "Y": 63}, {"X": 0, "Y": 70}, {"X": 5, "Y": 65}, {"X": 0, "Y": 268}, {"X": 3, "Y": 118}, {"X": 0, "Y": 81}, {"X": 3, "Y": 60}, {"X": 0, "Y": 783}, {"X": 8, "Y": 66}, {"X": 0, "Y": 129}, {"X": 2, "Y": 271}, {"X": 11, "Y": 20837}], "1600469": [{"X": 11, "Y": 2740}, {"X": 10, "Y": 52}, {"X": 0, "Y": 60}, {"X": 2, "Y": 267}, {"X": 0, "Y": 47}, {"X": 7, "Y": 64}, {"X": 0, "Y": 330}, {"X": 7, "Y": 70}, {"X": 0, "Y": 109}, {"X": 7, "Y": 61}, {"X": 0, "Y": 290}, {"X": 3, "Y": 61}, {"X": 0, "Y": 71}, {"X": 3, "Y": 125}, {"X": 0, "Y": 258}, {"X": 5, "Y": 65}, {"X": 0, "Y": 386}, {"X": 5, "Y": 69}, {"X": 0, "Y": 247}, {"X": 8, "Y": 7232}, {"X": 0, "Y": 262}, {"X": 5, "Y": 60}, {"X": 0, "Y": 725}, {"X": 3, "Y": 111}, {"X": 0, "Y": 426}, {"X": 7, "Y": 60}, {"X": 0, "Y": 110}, {"X": 7, "Y": 65}, {"X": 0, "Y": 265}, {"X": 8, "Y": 61}, {"X": 0, "Y": 123}, {"X": 2, "Y": 288}, {"X": 0, "Y": 77}, {"X": 10, "Y": 5560}, {"X": 0, "Y": 62}, {"X": 2, "Y": 310}, {"X": 0, "Y": 10}, {"X": 7, "Y": 66}, {"X": 8, "Y": 69}, {"X": 0, "Y": 260}, {"X": 7, "Y": 68}, {"X": 0, "Y": 106}, {"X": 7, "Y": 71}, {"X": 0, "Y": 421}, {"X": 3, "Y": 120}, {"X": 0, "Y": 115}, {"X": 4, "Y": 60}, {"X": 0, "Y": 92}, {"X": 5, "Y": 61}, {"X": 0, "Y": 384}, {"X": 5, "Y": 65}, {"X": 0, "Y": 226}, {"X": 8, "Y": 7291}, {"X": 0, "Y": 525}, {"X": 1, "Y": 70}, {"X": 0, "Y": 75}, {"X": 5, "Y": 63}, {"X": 0, "Y": 268}, {"X": 3, "Y": 118}, {"X": 0, "Y": 505}, {"X": 4, "Y": 60}, {"X": 0, "Y": 360}, {"X": 8, "Y": 67}, {"X": 0, "Y": 123}, {"X": 2, "Y": 286}, {"X": 11, "Y": 20826}]}