{"1080969": [{"X": 11, "Y": 2735}, {"X": 10, "Y": 42}, {"X": 0, "Y": 80}, {"X": 2, "Y": 286}, {"X": 0, "Y": 25}, {"X": 7, "Y": 63}, {"X": 8, "Y": 66}, {"X": 0, "Y": 440}, {"X": 7, "Y": 60}, {"X": 0, "Y": 436}, {"X": 3, "Y": 113}, {"X": 0, "Y": 260}, {"X": 5, "Y": 66}, {"X": 0, "Y": 165}, {"X": 4, "Y": 60}, {"X": 0, "Y": 166}, {"X": 5, "Y": 65}, {"X": 0, "Y": 252}, {"X": 8, "Y": 7241}, {"X": 0, "Y": 684}, {"X": 5, "Y": 70}, {"X": 0, "Y": 268}, {"X": 3, "Y": 114}, {"X": 0, "Y": 77}, {"X": 3, "Y": 62}, {"X": 0, "Y": 278}, {"X": 7, "Y": 67}, {"X": 0, "Y": 20}, {"X": 4, "Y": 60}, {"X": 0, "Y": 37}, {"X": 7, "Y": 63}, {"X": 0, "Y": 329}, {"X": 7, "Y": 65}, {"X": 0, "Y": 56}, {"X": 2, "Y": 287}, {"X": 0, "Y": 77}, {"X": 10, "Y": 5542}, {"X": 0, "Y": 73}, {"X": 2, "Y": 305}, {"X": 0, "Y": 415}, {"X": 7, "Y": 61}, {"X": 0, "Y": 590}, {"X": 3, "Y": 125}, {"X": 0, "Y": 408}, {"X": 1, "Y": 65}, {"X": 0, "Y": 238}, {"X": 5, "Y": 67}, {"X": 0, "Y": 223}, {"X": 8, "Y": 7290}, {"X": 0, "Y": 530}, {"X": 1, "Y": 66}, {"X": 0, "Y": 80}, {"X": 5, "Y": 62}, {"X": 0, "Y": 267}, {"X": 3, "Y": 114}, {"X": 0, "Y": 595}, {"X": 7, "Y": 69}, {"X": 0, "Y": 176}, {"X": 7, "Y": 60}, {"X": 0, "Y": 90}, {"X": 7, "Y": 64}, {"X": 0, "Y": 40}, {"X": 2, "Y": 296}, {"X": 11, "Y": 20854}], "1600469": [{"X": 11, "Y": 2735}, {"X": 10, "Y": 42}, {"X": 0, "Y": 70}, {"X": 2, "Y": 301}, {"X": 0, "Y": 20}, {"X": 7, "Y": 63}, {"X": 8, "Y": 67}, {"X": 0, "Y": 938}, {"X": 3, "Y": 110}, {"X": 0, "Y": 260}, {"X": 5, "Y": 73}, {"X": 0, "Y": 675}, {"X": 8, "Y": 7252}, {"X": 0, "Y": 557}, {"X": 1, "Y": 70}, {"X": 0, "Y": 75}, {"X": 5, "Y": 67}, {"X": 0, "Y": 264}, {"X": 3, "Y": 117}, {"X": 0, "Y": 418}, {"X": 7, "Y": 69}, {"X": 0, "Y": 110}, {"X": 7, "Y": 70}, {"X": 0, "Y": 452}, {"X": 2, "Y": 272}, {"X": 5, "Y": 66}, {"X": 0, "Y": 11}, {"X": 10, "Y": 5553}, {"X": 0, "Y": 73}, {"X": 2, "Y": 307}, {"X": 0, "Y": 15}, {"X": 7, "Y": 61}, {"X": 0, "Y": 336}, {"X": 7, "Y": 63}, {"X": 0, "Y": 598}, {"X": 3, "Y": 115}, {"X": 0, "Y": 261}, {"X": 5, "Y": 71}, {"X": 0, "Y": 75}, {"X": 1, "Y": 64}, {"X": 0, "Y": 21}, {"X": 4, "Y": 60}, {"X": 0, "Y": 160}, {"X": 5, "Y": 67}, {"X": 0, "Y": 243}, {"X": 8, "Y": 7240}, {"X": 0, "Y": 698}, {"X": 5, "Y": 71}, {"X": 0, "Y": 265}, {"X": 3, "Y": 115}, {"X": 0, "Y": 418}, {"X": 7, "Y": 67}, {"X": 0, "Y": 111}, {"X": 7, "Y": 69}, {"X": 0, "Y": 262}, {"X": 8, "Y": 64}, {"X": 7, "Y": 64}, {"X": 0, "Y": 35}, {"X": 2, "Y": 311}, {"X": 11, "Y": 20843}], "1629516": [{"X": 11, "Y": 2735}, {"X": 10, "Y": 62}, {"X": 0, "Y": 60}, {"X": 2, "Y": 287}, {"X": 0, "Y": 88}, {"X": 8, "Y": 66}, {"X": 0, "Y": 794}, {"X": 3, "Y": 60}, {"X": 0, "Y": 81}, {"X": 3, "Y": 113}, {"X": 0, "Y": 270}, {"X": 5, "Y": 63}, {"X": 0, "Y": 690}, {"X": 8, "Y": 7266}, {"X": 0, "Y": 673}, {"X": 5, "Y": 68}, {"X": 0, "Y": 267}, {"X": 3, "Y": 114}, {"X": 0, "Y": 76}, {"X": 3, "Y": 60}, {"X": 0, "Y": 281}, {"X": 7, "Y": 66}, {"X": 0, "Y": 15}, {"X": 4, "Y": 71}, {"X": 0, "Y": 25}, {"X": 7, "Y": 70}, {"X": 0, "Y": 329}, {"X": 7, "Y": 65}, {"X": 0, "Y": 60}, {"X": 2, "Y": 294}, {"X": 0, "Y": 77}, {"X": 10, "Y": 5531}, {"X": 0, "Y": 83}, {"X": 2, "Y": 294}, {"X": 0, "Y": 80}, {"X": 8, "Y": 60}, {"X": 0, "Y": 36}, {"X": 7, "Y": 60}, {"X": 0, "Y": 175}, {"X": 7, "Y": 62}, {"X": 0, "Y": 618}, {"X": 3, "Y": 100}, {"X": 0, "Y": 266}, {"X": 5, "Y": 62}, {"X": 0, "Y": 674}, {"X": 8, "Y": 7274}, {"X": 0, "Y": 545}, {"X": 1, "Y": 62}, {"X": 0, "Y": 77}, {"X": 5, "Y": 71}, {"X": 0, "Y": 273}, {"X": 3, "Y": 115}, {"X": 0, "Y": 411}, {"X": 7, "Y": 65}, {"X": 0, "Y": 115}, {"X": 7, "Y": 65}, {"X": 0, "Y": 328}, {"X": 7, "Y": 63}, {"X": 0, "Y": 35}, {"X": 2, "Y": 311}, {"X": 5, "Y": 66}, {"X": 11, "Y": 20777}], "1781070": [{"X": 11, "Y": 2735}, {"X": 10, "Y": 42}, {"X": 0, "Y": 80}, {"X": 2, "Y": 287}, {"X": 0, "Y": 88}, {"X": 8, "Y": 66}, {"X": 0, "Y": 267}, {"X": 7, "Y": 60}, {"X": 0, "Y": 607}, {"X": 3, "Y": 115}, {"X": 0, "Y": 259}, {"X": 5, "Y": 66}, {"X": 0, "Y": 697}, {"X": 8, "Y": 7237}, {"X": 0, "Y": 702}, {"X": 5, "Y": 68}, {"X": 0, "Y": 263}, {"X": 3, "Y": 118}, {"X": 0, "Y": 496}, {"X": 4, "Y": 68}, {"X": 0, "Y": 32}, {"X": 7, "Y": 68}, {"X": 0, "Y": 267}, {"X": 8, "Y": 60}, {"X": 0, "Y": 128}, {"X": 2, "Y": 282}, {"X": 5, "Y": 66}, {"X": 0, "Y": 11}, {"X": 10, "Y": 5542}, {"X": 0, "Y": 78}, {"X": 2, "Y": 301}, {"X": 0, "Y": 409}, {"X": 7, "Y": 62}, {"X": 0, "Y": 606}, {"X": 3, "Y": 110}, {"X": 0, "Y": 266}, {"X": 5, "Y": 65}, {"X": 0, "Y": 77}, {"X": 1, "Y": 65}, {"X": 0, "Y": 21}, {"X": 4, "Y": 60}, {"X": 0, "Y": 163}, {"X": 5, "Y": 63}, {"X": 0, "Y": 244}, {"X": 8, "Y": 7250}, {"X": 0, "Y": 553}, {"X": 1, "Y": 63}, {"X": 0, "Y": 72}, {"X": 5, "Y": 70}, {"X": 0, "Y": 262}, {"X": 3, "Y": 114}, {"X": 0, "Y": 83}, {"X": 3, "Y": 60}, {"X": 0, "Y": 280}, {"X": 7, "Y": 71}, {"X": 0, "Y": 110}, {"X": 7, "Y": 66}, {"X": 0, "Y": 328}, {"X": 7, "Y": 67}, {"X": 0, "Y": 30}, {"X": 2, "Y": 322}, {"X": 11, "Y": 20832}], "1787551": [{"X": 11, "Y": 2735}, {"X": 10, "Y": 34}, {"X": 0, "Y": 77}, {"X": 2, "Y": 297}, {"X": 0, "Y": 22}, {"X": 7, "Y": 66}, {"X": 8, "Y": 66}, {"X": 0, "Y": 935}, {"X": 3, "Y": 110}, {"X": 0, "Y": 264}, {"X": 5, "Y": 66}, {"X": 0, "Y": 671}, {"X": 8, "Y": 7291}, {"X": 0, "Y": 528}, {"X": 1, "Y": 66}, {"X": 0, "Y": 77}, {"X": 5, "Y": 66}, {"X": 0, "Y": 264}, {"X": 3, "Y": 121}, {"X": 0, "Y": 418}, {"X": 7, "Y": 66}, {"X": 0, "Y": 11}, {"X": 4, "Y": 66}, {"X": 0, "Y": 33}, {"X": 7, "Y": 66}, {"X": 0, "Y": 330}, {"X": 7, "Y": 66}, {"X": 0, "Y": 55}, {"X": 2, "Y": 279}, {"X": 5, "Y": 66}, {"X": 0, "Y": 11}, {"X": 10, "Y": 5546}, {"X": 0, "Y": 11}, {"X": 5, "Y": 66}, {"X": 2, "Y": 308}, {"X": 0, "Y": 11}, {"X": 7, "Y": 66}, {"X": 0, "Y": 330}, {"X": 7, "Y": 66}, {"X": 0, "Y": 594}, {"X": 3, "Y": 121}, {"X": 0, "Y": 264}, {"X": 5, "Y": 66}, {"X": 0, "Y": 77}, {"X": 1, "Y": 66}, {"X": 0, "Y": 242}, {"X": 5, "Y": 66}, {"X": 0, "Y": 220}, {"X": 8, "Y": 7291}, {"X": 0, "Y": 528}, {"X": 1, "Y": 66}, {"X": 0, "Y": 77}, {"X": 5, "Y": 66}, {"X": 0, "Y": 264}, {"X": 3, "Y": 121}, {"X": 0, "Y": 418}, {"X": 7, "Y": 66}, {"X": 0, "Y": 110}, {"X": 7, "Y": 66}, {"X": 0, "Y": 264}, {"X": 8, "Y": 66}, {"X": 7, "Y": 66}, {"X": 0, "Y": 33}, {"X": 2, "Y": 301}, {"X": 11, "Y": 20854}], "1935406": [{"X": 11, "Y": 2735}, {"X": 10, "Y": 42}, {"X": 0, "Y": 80}, {"X": 2, "Y": 288}, {"X": 0, "Y": 20}, {"X": 7, "Y": 67}, {"X": 8, "Y": 66}, {"X": 0, "Y": 439}, {"X": 7, "Y": 60}, {"X": 0, "Y": 436}, {"X": 3, "Y": 108}, {"X": 0, "Y": 265}, {"X": 5, "Y": 70}, {"X": 0, "Y": 678}, {"X": 8, "Y": 7281}, {"X": 0, "Y": 673}, {"X": 5, "Y": 67}, {"X": 0, "Y": 274}, {"X": 3, "Y": 108}, {"X": 0, "Y": 495}, {"X": 4, "Y": 70}, {"X": 0, "Y": 35}, {"X": 7, "Y": 60}, {"X": 0, "Y": 335}, {"X": 7, "Y": 63}, {"X": 0, "Y": 55}, {"X": 2, "Y": 287}, {"X": 0, "Y": 77}, {"X": 10, "Y": 5543}, {"X": 0, "Y": 83}, {"X": 2, "Y": 294}, {"X": 0, "Y": 80}, {"X": 8, "Y": 60}, {"X": 0, "Y": 271}, {"X": 7, "Y": 70}, {"X": 0, "Y": 347}, {"X": 4, "Y": 60}, {"X": 0, "Y": 203}, {"X": 3, "Y": 100}, {"X": 0, "Y": 262}, {"X": 5, "Y": 67}, {"X": 0, "Y": 78}, {"X": 1, "Y": 63}, {"X": 0, "Y": 244}, {"X": 5, "Y": 65}, {"X": 0, "Y": 228}, {"X": 8, "Y": 7286}, {"X": 0, "Y": 672}, {"X": 5, "Y": 66}, {"X": 0, "Y": 270}, {"X": 3, "Y": 115}, {"X": 0, "Y": 413}, {"X": 7, "Y": 66}, {"X": 0, "Y": 113}, {"X": 7, "Y": 67}, {"X": 0, "Y": 327}, {"X": 7, "Y": 64}, {"X": 0, "Y": 35}, {"X": 2, "Y": 322}, {"X": 5, "Y": 66}, {"X": 11, "Y": 20766}], "521750": [{"X": 11, "Y": 2735}, {"X": 10, "Y": 42}, {"X": 0, "Y": 80}, {"X": 2, "Y": 287}, {"X": 0, "Y": 25}, {"X": 7, "Y": 62}, {"X": 8, "Y": 67}, {"X": 0, "Y": 934}, {"X": 3, "Y": 114}, {"X": 0, "Y": 270}, {"X": 5, "Y": 61}, {"X": 0, "Y": 394}, {"X": 5, "Y": 60}, {"X": 0, "Y": 213}, {"X": 8, "Y": 7277}, {"X": 0, "Y": 692}, {"X": 5, "Y": 63}, {"X": 0, "Y": 84}, {"X": 4, "Y": 60}, {"X": 0, "Y": 128}, {"X": 3, "Y": 116}, {"X": 0, "Y": 597}, {"X": 7, "Y": 60}, {"X": 0, "Y": 329}, {"X": 7, "Y": 65}, {"X": 0, "Y": 56}, {"X": 2, "Y": 297}, {"X": 0, "Y": 77}, {"X": 10, "Y": 5532}, {"X": 0, "Y": 10}, {"X": 5, "Y": 61}, {"X": 0, "Y": 10}, {"X": 2, "Y": 297}, {"X": 0, "Y": 10}, {"X": 7, "Y": 70}, {"X": 0, "Y": 330}, {"X": 7, "Y": 65}, {"X": 0, "Y": 617}, {"X": 3, "Y": 102}, {"X": 0, "Y": 258}, {"X": 5, "Y": 67}, {"X": 0, "Y": 83}, {"X": 1, "Y": 60}, {"X": 0, "Y": 240}, {"X": 5, "Y": 67}, {"X": 0, "Y": 224}, {"X": 8, "Y": 7259}, {"X": 0, "Y": 698}, {"X": 5, "Y": 70}, {"X": 0, "Y": 271}, {"X": 3, "Y": 107}, {"X": 0, "Y": 80}, {"X": 3, "Y": 60}, {"X": 0, "Y": 281}, {"X": 7, "Y": 69}, {"X": 0, "Y": 20}, {"X": 4, "Y": 60}, {"X": 0, "Y": 30}, {"X": 7, "Y": 68}, {"X": 0, "Y": 326}, {"X": 7, "Y": 66}, {"X": 0, "Y": 46}, {"X": 2, "Y": 309}, {"X": 5, "Y": 66}, {"X": 11, "Y": 20766}], "644885": [{"X": 11, "Y": 2735}, {"X": 10, "Y": 42}, {"X": 0, "Y": 79}, {"X": 2, "Y": 288}, {"X": 0, "Y": 25}, {"X": 7, "Y": 63}, {"X": 8, "Y": 66}, {"X": 0, "Y": 934}, {"X": 3, "Y": 114}, {"X": 0, "Y": 270}, {"X": 5, "Y": 61}, {"X": 0, "Y": 667}, {"X": 8, "Y": 7277}, {"X": 0, "Y": 546}, {"X": 1, "Y": 66}, {"X": 0, "Y": 75}, {"X": 5, "Y": 67}, {"X": 0, "Y": 264}, {"X": 3, "Y": 122}, {"X": 0, "Y": 72}, {"X": 3, "Y": 63}, {"X": 0, "Y": 457}, {"X": 7, "Y": 68}, {"X": 0, "Y": 329}, {"X": 7, "Y": 63}, {"X": 0, "Y": 67}, {"X": 2, "Y": 278}, {"X": 5, "Y": 66}, {"X": 0, "Y": 11}, {"X": 10, "Y": 5542}, {"X": 0, "Y": 10}, {"X": 5, "Y": 63}, {"X": 2, "Y": 304}, {"X": 0, "Y": 411}, {"X": 7, "Y": 67}, {"X": 0, "Y": 590}, {"X": 3, "Y": 120}, {"X": 0, "Y": 266}, {"X": 5, "Y": 71}, {"X": 0, "Y": 73}, {"X": 1, "Y": 64}, {"X": 0, "Y": 241}, {"X": 5, "Y": 74}, {"X": 0, "Y": 247}, {"X": 8, "Y": 7256}, {"X": 0, "Y": 532}, {"X": 1, "Y": 70}, {"X": 0, "Y": 69}, {"X": 5, "Y": 71}, {"X": 0, "Y": 265}, {"X": 3, "Y": 117}, {"X": 0, "Y": 594}, {"X": 7, "Y": 68}, {"X": 0, "Y": 263}, {"X": 8, "Y": 63}, {"X": 7, "Y": 75}, {"X": 0, "Y": 25}, {"X": 2, "Y": 312}, {"X": 5, "Y": 66}, {"X": 11, "Y": 20776}]}