{"1563594": [{"X": 11, "Y": 28832}, {"X": 10, "Y": 52}, {"X": 0, "Y": 462}, {"X": 3, "Y": 3224}, {"X": 0, "Y": 120}, {"X": 3, "Y": 1380}, {"X": 0, "Y": 318}, {"X": 2, "Y": 2449}, {"X": 0, "Y": 366}, {"X": 3, "Y": 1331}, {"X": 0, "Y": 372}, {"X": 2, "Y": 1691}, {"X": 0, "Y": 252}, {"X": 3, "Y": 1727}, {"X": 0, "Y": 312}, {"X": 3, "Y": 2070}, {"X": 0, "Y": 402}, {"X": 2, "Y": 1207}, {"X": 0, "Y": 6}, {"X": 2, "Y": 940}], "1217381": [{"X": 11, "Y": 29653}, {"X": 10, "Y": 393}, {"X": 0, "Y": 1690}, {"X": 3, "Y": 820}, {"X": 0, "Y": 100}, {"X": 8, "Y": 899}, {"X": 0, "Y": 172}, {"X": 3, "Y": 1600}, {"X": 0, "Y": 144}, {"X": 3, "Y": 865}, {"X": 0, "Y": 136}, {"X": 3, "Y": 903}, {"X": 0, "Y": 164}, {"X": 3, "Y": 1186}, {"X": 0, "Y": 28}, {"X": 3, "Y": 830}, {"X": 0, "Y": 152}, {"X": 2, "Y": 875}, {"X": 0, "Y": 204}, {"X": 3, "Y": 1454}, {"X": 0, "Y": 188}, {"X": 8, "Y": 1069}, {"X": 0, "Y": 100}, {"X": 3, "Y": 1713}, {"X": 0, "Y": 28}, {"X": 3, "Y": 876}, {"X": 0, "Y": 116}, {"X": 3, "Y": 2511}, {"X": 0, "Y": 84}, {"X": 8, "Y": 2824}, {"X": 0, "Y": 88}, {"X": 3, "Y": 1378}, {"X": 0, "Y": 132}, {"X": 3, "Y": 844}, {"X": 0, "Y": 56}, {"X": 3, "Y": 929}, {"X": 0, "Y": 164}, {"X": 3, "Y": 1099}, {"X": 0, "Y": 232}, {"X": 3, "Y": 1560}, {"X": 0, "Y": 32}, {"X": 3, "Y": 724}, {"X": 0, "Y": 208}, {"X": 3, "Y": 1610}, {"X": 0, "Y": 228}, {"X": 3, "Y": 1347}, {"X": 0, "Y": 248}, {"X": 8, "Y": 1288}, {"X": 0, "Y": 1721}, {"X": 3, "Y": 1106}, {"X": 0, "Y": 132}, {"X": 3, "Y": 1518}, {"X": 0, "Y": 180}, {"X": 2, "Y": 1783}, {"X": 0, "Y": 2080}, {"X": 3, "Y": 1662}], "1983765": [{"X": 11, "Y": 29721}, {"X": 10, "Y": 76}, {"X": 5, "Y": 64}, {"X": 0, "Y": 182}, {"X": 4, "Y": 65}, {"X": 0, "Y": 182}, {"X": 3, "Y": 117}, {"X": 0, "Y": 325}, {"X": 8, "Y": 2192}, {"X": 0, "Y": 286}, {"X": 3, "Y": 8424}, {"X": 0, "Y": 169}, {"X": 3, "Y": 117}, {"X": 0, "Y": 182}, {"X": 4, "Y": 65}], "430595": [{"X": 11, "Y": 30069}, {"X": 10, "Y": 626}, {"X": 0, "Y": 230}, {"X": 3, "Y": 2057}, {"X": 0, "Y": 125}, {"X": 8, "Y": 1726}, {"X": 0, "Y": 285}, {"X": 3, "Y": 1437}, {"X": 0, "Y": 280}, {"X": 8, "Y": 1371}, {"X": 0, "Y": 125}, {"X": 3, "Y": 1759}, {"X": 0, "Y": 125}, {"X": 8, "Y": 1926}, {"X": 0, "Y": 380}, {"X": 2, "Y": 1797}, {"X": 0, "Y": 370}, {"X": 8, "Y": 1772}, {"X": 0, "Y": 235}, {"X": 3, "Y": 613}], "655378": [{"X": 11, "Y": 30250}, {"X": 10, "Y": 47}, {"X": 0, "Y": 270}, {"X": 8, "Y": 801}, {"X": 0, "Y": 240}, {"X": 3, "Y": 1025}, {"X": 0, "Y": 66}, {"X": 3, "Y": 1163}, {"X": 0, "Y": 1563}, {"X": 3, "Y": 1153}, {"X": 0, "Y": 60}, {"X": 3, "Y": 713}, {"X": 0, "Y": 174}, {"X": 3, "Y": 1584}, {"X": 0, "Y": 183}, {"X": 3, "Y": 1276}, {"X": 0, "Y": 141}, {"X": 8, "Y": 827}, {"X": 0, "Y": 216}, {"X": 3, "Y": 1317}, {"X": 0, "Y": 201}, {"X": 3, "Y": 1751}, {"X": 0, "Y": 237}, {"X": 3, "Y": 1526}, {"X": 0, "Y": 213}, {"X": 2, "Y": 185}], "1601276": [{"X": 11, "Y": 30327}, {"X": 10, "Y": 705}, {"X": 0, "Y": 72}, {"X": 2, "Y": 1626}, {"X": 0, "Y": 99}, {"X": 3, "Y": 1325}, {"X": 0, "Y": 93}, {"X": 3, "Y": 1569}, {"X": 0, "Y": 198}, {"X": 3, "Y": 1116}, {"X": 0, "Y": 174}, {"X": 3, "Y": 1050}, {"X": 0, "Y": 84}, {"X": 3, "Y": 855}, {"X": 0, "Y": 129}, {"X": 8, "Y": 3093}, {"X": 0, "Y": 213}, {"X": 8, "Y": 2523}, {"X": 0, "Y": 159}, {"X": 3, "Y": 1253}, {"X": 0, "Y": 183}, {"X": 3, "Y": 1522}, {"X": 0, "Y": 27}, {"X": 3, "Y": 1010}, {"X": 0, "Y": 156}, {"X": 3, "Y": 830}, {"X": 0, "Y": 60}, {"X": 3, "Y": 1743}, {"X": 0, "Y": 159}, {"X": 2, "Y": 951}, {"X": 0, "Y": 216}, {"X": 8, "Y": 1770}, {"X": 0, "Y": 135}, {"X": 3, "Y": 607}, {"X": 0, "Y": 96}, {"X": 3, "Y": 816}, {"X": 0, "Y": 99}, {"X": 3, "Y": 3418}, {"X": 0, "Y": 36}, {"X": 3, "Y": 1247}, {"X": 0, "Y": 156}, {"X": 3, "Y": 782}, {"X": 0, "Y": 108}, {"X": 3, "Y": 1183}, {"X": 0, "Y": 141}, {"X": 8, "Y": 3516}, {"X": 0, "Y": 141}, {"X": 3, "Y": 1174}, {"X": 0, "Y": 108}, {"X": 3, "Y": 1615}, {"X": 0, "Y": 129}, {"X": 2, "Y": 1064}, {"X": 0, "Y": 240}, {"X": 8, "Y": 1696}, {"X": 0, "Y": 75}, {"X": 3, "Y": 1109}, {"X": 0, "Y": 156}, {"X": 3, "Y": 1090}, {"X": 0, "Y": 129}, {"X": 8, "Y": 829}, {"X": 0, "Y": 141}, {"X": 3, "Y": 1095}, {"X": 0, "Y": 141}, {"X": 8, "Y": 1576}, {"X": 0, "Y": 228}, {"X": 2, "Y": 534}], "1658667": [{"X": 11, "Y": 30565}, {"X": 10, "Y": 38}, {"X": 0, "Y": 432}, {"X": 8, "Y": 1939}, {"X": 0, "Y": 426}, {"X": 8, "Y": 1537}, {"X": 0, "Y": 480}, {"X": 3, "Y": 1726}, {"X": 0, "Y": 468}, {"X": 2, "Y": 623}, {"X": 0, "Y": 462}, {"X": 3, "Y": 1243}, {"X": 0, "Y": 54}, {"X": 3, "Y": 1067}, {"X": 0, "Y": 240}, {"X": 3, "Y": 1081}, {"X": 0, "Y": 132}, {"X": 3, "Y": 735}, {"X": 0, "Y": 126}, {"X": 3, "Y": 2704}, {"X": 0, "Y": 66}, {"X": 3, "Y": 1094}], "1378816": [{"X": 11, "Y": 30587}, {"X": 10, "Y": 69}, {"X": 0, "Y": 1588}, {"X": 8, "Y": 1931}, {"X": 0, "Y": 720}, {"X": 2, "Y": 536}, {"X": 0, "Y": 27}, {"X": 2, "Y": 568}, {"X": 0, "Y": 459}, {"X": 3, "Y": 72}, {"X": 0, "Y": 18}, {"X": 7, "Y": 1615}, {"X": 0, "Y": 18}, {"X": 3, "Y": 72}, {"X": 0, "Y": 1429}, {"X": 2, "Y": 282}, {"X": 0, "Y": 594}, {"X": 3, "Y": 81}, {"X": 0, "Y": 117}, {"X": 3, "Y": 2467}, {"X": 0, "Y": 108}, {"X": 3, "Y": 81}, {"X": 0, "Y": 252}, {"X": 3, "Y": 509}, {"X": 0, "Y": 180}, {"X": 7, "Y": 810}, {"X": 0, "Y": 495}, {"X": 3, "Y": 186}, {"X": 0, "Y": 522}, {"X": 3, "Y": 448}, {"X": 0, "Y": 171}, {"X": 5, "Y": 615}], "2083878": [{"X": 11, "Y": 30587}, {"X": 10, "Y": 68}, {"X": 0, "Y": 1590}, {"X": 8, "Y": 1930}, {"X": 0, "Y": 720}, {"X": 2, "Y": 536}, {"X": 0, "Y": 27}, {"X": 2, "Y": 568}, {"X": 0, "Y": 450}, {"X": 3, "Y": 81}, {"X": 0, "Y": 18}, {"X": 7, "Y": 1615}, {"X": 0, "Y": 27}, {"X": 3, "Y": 63}, {"X": 0, "Y": 1428}, {"X": 2, "Y": 283}, {"X": 0, "Y": 594}, {"X": 3, "Y": 81}, {"X": 0, "Y": 108}, {"X": 3, "Y": 2477}, {"X": 0, "Y": 108}, {"X": 3, "Y": 81}, {"X": 0, "Y": 252}, {"X": 3, "Y": 517}, {"X": 0, "Y": 171}, {"X": 7, "Y": 810}, {"X": 0, "Y": 495}, {"X": 3, "Y": 186}, {"X": 0, "Y": 522}, {"X": 3, "Y": 448}, {"X": 0, "Y": 171}, {"X": 5, "Y": 615}, {"X": 0, "Y": 603}, {"X": 2, "Y": 180}], "431551": [{"X": 11, "Y": 30587}, {"X": 10, "Y": 67}, {"X": 0, "Y": 1590}, {"X": 8, "Y": 1931}, {"X": 0, "Y": 720}, {"X": 2, "Y": 536}, {"X": 0, "Y": 27}, {"X": 2, "Y": 567}, {"X": 0, "Y": 459}, {"X": 3, "Y": 72}, {"X": 0, "Y": 18}, {"X": 7, "Y": 1615}, {"X": 0, "Y": 27}, {"X": 3, "Y": 63}, {"X": 0, "Y": 1429}, {"X": 2, "Y": 283}, {"X": 0, "Y": 594}, {"X": 3, "Y": 81}, {"X": 0, "Y": 108}, {"X": 3, "Y": 2476}, {"X": 0, "Y": 108}, {"X": 3, "Y": 72}, {"X": 0, "Y": 261}, {"X": 3, "Y": 509}, {"X": 0, "Y": 180}, {"X": 7, "Y": 810}, {"X": 0, "Y": 495}, {"X": 3, "Y": 186}, {"X": 0, "Y": 522}, {"X": 3, "Y": 447}, {"X": 0, "Y": 171}, {"X": 5, "Y": 615}], "500084": [{"X": 11, "Y": 30908}, {"X": 10, "Y": 777}, {"X": 0, "Y": 310}, {"X": 3, "Y": 1785}, {"X": 0, "Y": 210}, {"X": 2, "Y": 1750}, {"X": 0, "Y": 120}, {"X": 3, "Y": 1986}, {"X": 0, "Y": 340}, {"X": 3, "Y": 1556}, {"X": 0, "Y": 45}, {"X": 3, "Y": 1168}, {"X": 0, "Y": 395}, {"X": 3, "Y": 693}, {"X": 0, "Y": 160}, {"X": 3, "Y": 3104}, {"X": 0, "Y": 115}, {"X": 3, "Y": 1819}, {"X": 0, "Y": 340}, {"X": 3, "Y": 1790}, {"X": 0, "Y": 215}, {"X": 8, "Y": 825}, {"X": 0, "Y": 205}, {"X": 3, "Y": 1414}, {"X": 0, "Y": 190}, {"X": 2, "Y": 1809}, {"X": 0, "Y": 210}, {"X": 3, "Y": 1762}, {"X": 0, "Y": 260}, {"X": 3, "Y": 1499}, {"X": 0, "Y": 125}, {"X": 8, "Y": 904}, {"X": 0, "Y": 215}, {"X": 3, "Y": 782}, {"X": 0, "Y": 340}, {"X": 3, "Y": 1064}, {"X": 0, "Y": 105}, {"X": 8, "Y": 880}, {"X": 0, "Y": 310}, {"X": 3, "Y": 1707}, {"X": 0, "Y": 215}, {"X": 8, "Y": 1148}, {"X": 0, "Y": 320}, {"X": 3, "Y": 888}, {"X": 0, "Y": 225}, {"X": 8, "Y": 1455}, {"X": 0, "Y": 380}, {"X": 2, "Y": 666}, {"X": 0, "Y": 250}, {"X": 3, "Y": 874}, {"X": 0, "Y": 125}, {"X": 8, "Y": 3645}, {"X": 0, "Y": 125}, {"X": 3, "Y": 1683}, {"X": 0, "Y": 55}, {"X": 3, "Y": 1466}, {"X": 0, "Y": 160}, {"X": 3, "Y": 1246}, {"X": 0, "Y": 175}, {"X": 3, "Y": 1261}], "159893": [{"X": 11, "Y": 31078}, {"X": 10, "Y": 29}, {"X": 0, "Y": 288}, {"X": 8, "Y": 2099}, {"X": 0, "Y": 188}, {"X": 3, "Y": 1170}, {"X": 0, "Y": 188}, {"X": 8, "Y": 1614}, {"X": 0, "Y": 100}, {"X": 3, "Y": 1546}, {"X": 0, "Y": 1773}, {"X": 3, "Y": 1143}, {"X": 0, "Y": 220}, {"X": 8, "Y": 1519}, {"X": 0, "Y": 284}, {"X": 8, "Y": 1562}, {"X": 0, "Y": 304}, {"X": 2, "Y": 1467}, {"X": 0, "Y": 288}, {"X": 8, "Y": 673}], "1711922": [{"X": 11, "Y": 31638}, {"X": 10, "Y": 1239}, {"X": 0, "Y": 201}, {"X": 3, "Y": 731}, {"X": 0, "Y": 102}, {"X": 3, "Y": 1285}, {"X": 0, "Y": 153}, {"X": 2, "Y": 793}, {"X": 0, "Y": 72}, {"X": 3, "Y": 1187}, {"X": 0, "Y": 186}, {"X": 8, "Y": 2139}, {"X": 0, "Y": 228}, {"X": 2, "Y": 793}, {"X": 0, "Y": 219}, {"X": 8, "Y": 3257}, {"X": 0, "Y": 159}, {"X": 3, "Y": 968}, {"X": 0, "Y": 2065}, {"X": 3, "Y": 1540}, {"X": 0, "Y": 135}, {"X": 8, "Y": 1799}, {"X": 0, "Y": 162}, {"X": 3, "Y": 1028}, {"X": 0, "Y": 186}, {"X": 3, "Y": 1638}, {"X": 0, "Y": 156}, {"X": 3, "Y": 2054}, {"X": 0, "Y": 207}, {"X": 8, "Y": 711}, {"X": 0, "Y": 213}, {"X": 8, "Y": 3167}, {"X": 0, "Y": 123}, {"X": 3, "Y": 1410}, {"X": 0, "Y": 24}, {"X": 3, "Y": 1201}, {"X": 0, "Y": 213}, {"X": 2, "Y": 693}, {"X": 0, "Y": 165}, {"X": 3, "Y": 813}, {"X": 0, "Y": 129}, {"X": 8, "Y": 1435}, {"X": 0, "Y": 171}, {"X": 3, "Y": 1491}, {"X": 0, "Y": 168}, {"X": 8, "Y": 993}, {"X": 0, "Y": 75}, {"X": 3, "Y": 938}, {"X": 0, "Y": 75}, {"X": 8, "Y": 1238}, {"X": 0, "Y": 159}, {"X": 3, "Y": 1019}, {"X": 0, "Y": 60}, {"X": 3, "Y": 1156}, {"X": 0, "Y": 57}, {"X": 3, "Y": 107}], "1149884": [{"X": 11, "Y": 32165}, {"X": 10, "Y": 1354}, {"X": 0, "Y": 282}, {"X": 3, "Y": 1569}, {"X": 0, "Y": 78}, {"X": 3, "Y": 639}, {"X": 0, "Y": 330}, {"X": 8, "Y": 1789}, {"X": 0, "Y": 60}, {"X": 3, "Y": 1180}, {"X": 0, "Y": 60}, {"X": 8, "Y": 1283}, {"X": 0, "Y": 342}, {"X": 3, "Y": 2110}, {"X": 0, "Y": 108}, {"X": 3, "Y": 1179}, {"X": 0, "Y": 240}, {"X": 3, "Y": 1440}, {"X": 0, "Y": 372}, {"X": 8, "Y": 3216}, {"X": 0, "Y": 150}, {"X": 3, "Y": 1729}, {"X": 0, "Y": 48}, {"X": 3, "Y": 1317}, {"X": 0, "Y": 246}, {"X": 8, "Y": 1301}, {"X": 0, "Y": 150}, {"X": 3, "Y": 1327}, {"X": 0, "Y": 312}, {"X": 3, "Y": 1577}, {"X": 0, "Y": 216}, {"X": 3, "Y": 1358}, {"X": 0, "Y": 48}, {"X": 3, "Y": 1005}, {"X": 0, "Y": 48}, {"X": 3, "Y": 734}, {"X": 0, "Y": 84}, {"X": 3, "Y": 1417}, {"X": 0, "Y": 396}, {"X": 2, "Y": 1727}, {"X": 0, "Y": 492}, {"X": 3, "Y": 1025}, {"X": 0, "Y": 378}, {"X": 3, "Y": 1479}, {"X": 0, "Y": 216}, {"X": 3, "Y": 1752}, {"X": 0, "Y": 138}, {"X": 3, "Y": 708}, {"X": 0, "Y": 186}, {"X": 3, "Y": 1346}, {"X": 0, "Y": 372}, {"X": 8, "Y": 607}], "921888": [{"X": 11, "Y": 32433}, {"X": 10, "Y": 39}, {"X": 0, "Y": 294}, {"X": 8, "Y": 3807}, {"X": 0, "Y": 141}, {"X": 3, "Y": 902}, {"X": 0, "Y": 141}, {"X": 8, "Y": 701}, {"X": 0, "Y": 159}, {"X": 3, "Y": 1255}, {"X": 0, "Y": 60}, {"X": 3, "Y": 1417}, {"X": 0, "Y": 6}, {"X": 3, "Y": 822}, {"X": 0, "Y": 90}, {"X": 3, "Y": 1509}], "1269018": [{"X": 11, "Y": 34048}, {"X": 10, "Y": 29}, {"X": 0, "Y": 231}, {"X": 3, "Y": 1047}, {"X": 0, "Y": 36}, {"X": 3, "Y": 1310}, {"X": 0, "Y": 69}, {"X": 3, "Y": 1645}, {"X": 0, "Y": 117}, {"X": 3, "Y": 1734}, {"X": 0, "Y": 969}, {"X": 3, "Y": 684}, {"X": 0, "Y": 2008}, {"X": 3, "Y": 111}], "47441": [{"X": 11, "Y": 34856}, {"X": 10, "Y": 35}, {"X": 0, "Y": 28}, {"X": 2, "Y": 1362}, {"X": 0, "Y": 204}, {"X": 3, "Y": 1689}, {"X": 0, "Y": 32}, {"X": 3, "Y": 1782}, {"X": 0, "Y": 188}, {"X": 3, "Y": 767}, {"X": 0, "Y": 208}, {"X": 3, "Y": 1019}, {"X": 0, "Y": 8}, {"X": 3, "Y": 767}, {"X": 0, "Y": 88}, {"X": 8, "Y": 596}], "1022339": [{"X": 11, "Y": 36550}, {"X": 10, "Y": 48}, {"X": 0, "Y": 595}, {"X": 1, "Y": 146}, {"X": 0, "Y": 427}, {"X": 2, "Y": 374}, {"X": 0, "Y": 7}, {"X": 5, "Y": 203}, {"X": 0, "Y": 14}, {"X": 2, "Y": 969}, {"X": 0, "Y": 814}, {"X": 1, "Y": 255}, {"X": 0, "Y": 448}, {"X": 3, "Y": 582}, {"X": 0, "Y": 678}, {"X": 3, "Y": 2323}, {"X": 0, "Y": 738}, {"X": 2, "Y": 811}, {"X": 5, "Y": 574}, {"X": 2, "Y": 905}, {"X": 0, "Y": 427}, {"X": 3, "Y": 264}, {"X": 0, "Y": 455}, {"X": 1, "Y": 594}, {"X": 0, "Y": 678}, {"X": 1, "Y": 2577}, {"X": 0, "Y": 474}, {"X": 3, "Y": 263}, {"X": 0, "Y": 203}, {"X": 2, "Y": 665}, {"X": 0, "Y": 357}, {"X": 3, "Y": 482}, {"X": 0, "Y": 350}, {"X": 2, "Y": 438}, {"X": 0, "Y": 844}, {"X": 3, "Y": 2302}, {"X": 0, "Y": 126}, {"X": 5, "Y": 884}, {"X": 0, "Y": 301}, {"X": 3, "Y": 361}, {"X": 0, "Y": 259}, {"X": 7, "Y": 982}], "1707018": [{"X": 11, "Y": 36550}, {"X": 10, "Y": 49}, {"X": 0, "Y": 595}, {"X": 1, "Y": 145}, {"X": 0, "Y": 427}, {"X": 2, "Y": 374}, {"X": 0, "Y": 7}, {"X": 5, "Y": 203}, {"X": 0, "Y": 14}, {"X": 2, "Y": 969}, {"X": 0, "Y": 814}, {"X": 1, "Y": 255}, {"X": 0, "Y": 448}, {"X": 3, "Y": 582}, {"X": 0, "Y": 685}, {"X": 3, "Y": 2323}, {"X": 0, "Y": 731}, {"X": 2, "Y": 810}, {"X": 5, "Y": 576}, {"X": 2, "Y": 904}, {"X": 0, "Y": 427}, {"X": 3, "Y": 257}, {"X": 0, "Y": 21}, {"X": 3, "Y": 63}, {"X": 0, "Y": 378}, {"X": 1, "Y": 594}, {"X": 0, "Y": 678}, {"X": 1, "Y": 2577}, {"X": 0, "Y": 474}, {"X": 3, "Y": 263}, {"X": 0, "Y": 203}, {"X": 2, "Y": 664}, {"X": 0, "Y": 357}, {"X": 3, "Y": 484}, {"X": 0, "Y": 350}, {"X": 2, "Y": 436}, {"X": 0, "Y": 845}, {"X": 3, "Y": 2308}, {"X": 0, "Y": 119}, {"X": 5, "Y": 885}, {"X": 0, "Y": 301}, {"X": 3, "Y": 360}, {"X": 0, "Y": 91}, {"X": 3, "Y": 63}, {"X": 0, "Y": 105}, {"X": 7, "Y": 984}], "2090710": [{"X": 11, "Y": 36550}, {"X": 10, "Y": 45}, {"X": 0, "Y": 602}, {"X": 1, "Y": 142}, {"X": 0, "Y": 427}, {"X": 2, "Y": 366}, {"X": 0, "Y": 14}, {"X": 5, "Y": 204}, {"X": 0, "Y": 14}, {"X": 2, "Y": 969}, {"X": 0, "Y": 814}, {"X": 1, "Y": 255}, {"X": 0, "Y": 448}, {"X": 3, "Y": 582}, {"X": 0, "Y": 685}, {"X": 3, "Y": 2316}, {"X": 0, "Y": 738}, {"X": 2, "Y": 810}, {"X": 5, "Y": 576}, {"X": 2, "Y": 903}, {"X": 0, "Y": 350}, {"X": 3, "Y": 63}, {"X": 0, "Y": 14}, {"X": 3, "Y": 258}, {"X": 0, "Y": 462}, {"X": 1, "Y": 594}, {"X": 0, "Y": 678}, {"X": 1, "Y": 2577}, {"X": 0, "Y": 474}, {"X": 3, "Y": 263}, {"X": 0, "Y": 203}, {"X": 2, "Y": 664}, {"X": 0, "Y": 350}, {"X": 3, "Y": 484}, {"X": 0, "Y": 357}, {"X": 2, "Y": 437}, {"X": 0, "Y": 845}, {"X": 3, "Y": 2301}, {"X": 0, "Y": 126}, {"X": 5, "Y": 884}, {"X": 0, "Y": 301}, {"X": 3, "Y": 361}, {"X": 0, "Y": 91}, {"X": 3, "Y": 63}, {"X": 0, "Y": 105}, {"X": 7, "Y": 983}], "387010": [{"X": 11, "Y": 36550}, {"X": 10, "Y": 50}, {"X": 0, "Y": 595}, {"X": 1, "Y": 143}, {"X": 0, "Y": 427}, {"X": 2, "Y": 374}, {"X": 0, "Y": 7}, {"X": 5, "Y": 203}, {"X": 0, "Y": 14}, {"X": 2, "Y": 969}, {"X": 0, "Y": 815}, {"X": 1, "Y": 255}, {"X": 0, "Y": 448}, {"X": 3, "Y": 582}, {"X": 0, "Y": 531}, {"X": 3, "Y": 63}, {"X": 0, "Y": 84}, {"X": 3, "Y": 2330}, {"X": 0, "Y": 730}, {"X": 2, "Y": 811}, {"X": 5, "Y": 575}, {"X": 2, "Y": 904}, {"X": 0, "Y": 427}, {"X": 3, "Y": 251}, {"X": 0, "Y": 469}, {"X": 1, "Y": 593}, {"X": 0, "Y": 678}, {"X": 1, "Y": 2577}, {"X": 0, "Y": 468}, {"X": 3, "Y": 269}, {"X": 0, "Y": 203}, {"X": 2, "Y": 665}, {"X": 0, "Y": 350}, {"X": 3, "Y": 490}, {"X": 0, "Y": 350}, {"X": 2, "Y": 437}, {"X": 0, "Y": 852}, {"X": 3, "Y": 2294}, {"X": 0, "Y": 126}, {"X": 5, "Y": 885}, {"X": 0, "Y": 147}, {"X": 3, "Y": 63}, {"X": 0, "Y": 91}, {"X": 3, "Y": 360}, {"X": 0, "Y": 259}, {"X": 7, "Y": 983}], "461180": [{"X": 11, "Y": 36550}, {"X": 10, "Y": 52}, {"X": 0, "Y": 595}, {"X": 1, "Y": 142}, {"X": 0, "Y": 427}, {"X": 2, "Y": 374}, {"X": 0, "Y": 7}, {"X": 5, "Y": 203}, {"X": 0, "Y": 14}, {"X": 2, "Y": 969}, {"X": 0, "Y": 815}, {"X": 1, "Y": 254}, {"X": 0, "Y": 448}, {"X": 3, "Y": 583}, {"X": 0, "Y": 677}, {"X": 3, "Y": 2324}, {"X": 0, "Y": 736}, {"X": 2, "Y": 811}, {"X": 5, "Y": 576}, {"X": 2, "Y": 903}, {"X": 0, "Y": 350}, {"X": 3, "Y": 63}, {"X": 0, "Y": 14}, {"X": 3, "Y": 258}, {"X": 0, "Y": 462}, {"X": 1, "Y": 594}, {"X": 0, "Y": 678}, {"X": 1, "Y": 2577}, {"X": 0, "Y": 475}, {"X": 3, "Y": 262}, {"X": 0, "Y": 203}, {"X": 2, "Y": 665}, {"X": 0, "Y": 357}, {"X": 3, "Y": 483}, {"X": 0, "Y": 350}, {"X": 2, "Y": 436}, {"X": 0, "Y": 846}, {"X": 3, "Y": 2307}, {"X": 0, "Y": 119}, {"X": 5, "Y": 886}, {"X": 0, "Y": 301}, {"X": 3, "Y": 359}, {"X": 0, "Y": 91}, {"X": 3, "Y": 63}, {"X": 0, "Y": 105}, {"X": 7, "Y": 984}]}