{
  "Group1":[{name:"人数:1~2",value: 32  },{name:"人数:2~5",value:2  },{name:"人数:5~10",value:1  },{name:"人数:10~20",value:0  },{name:"人数:>=20",value:0}],
  "Group2":[{name:"人数:1~2",value: 817 },{name:"人数:2~5",value:478},{name:"人数:5~10",value:267},{name:"人数:10~20",value:12 },{name:"人数:>=20",value:0}],
  "Group3":[{name:"人数:1~2",value: 312 },{name:"人数:2~5",value:362},{name:"人数:5~10",value:125},{name:"人数:10~20",value:27 },{name:"人数:>=20",value:0}],
  "Group4":[{name:"人数:1~2",value: 236 },{name:"人数:2~5",value:435},{name:"人数:5~10",value:109},{name:"人数:10~20",value:17 },{name:"人数:>=20",value:0}],
  "Group5":[{name:"人数:1~2",value: 214 },{name:"人数:2~5",value:175},{name:"人数:5~10",value:62 },{name:"人数:10~20",value:7  },{name:"人数:>=20",value:0}],
  "Group6":[{name:"人数:1~2",value: 1002},{name:"人数:2~5",value:540},{name:"人数:5~10",value:230},{name:"人数:10~20",value:25 },{name:"人数:>=20",value:0}],
  "Group7":[{name:"人数:1~2",value: 0   },{name:"人数:2~5",value:0  },{name:"人数:5~10",value:0  },{name:"人数:10~20",value:0  },{name:"人数:>=20",value:31}],
  "Group8":[{name:"人数:1~2",value: 0   },{name:"人数:2~5",value:0  },{name:"人数:5~10",value:3  },{name:"人数:10~20",value:0  },{name:"人数:>=20",value:0}]
}